Product Name,Pack,Sold-By,Sub-Category,Category
"Cornmeal, Mix, VA's Best Flour", 2 LB,BAG,,"VA's Best Flour"
"Cornmeal, Plain, VA's Best Flour",2 LB,BAG,,"VA's Best Flour"
"Cornmeal, Plain, VA's Best Flour",25 LB,BAG,,"VA's Best Flour"
"Cornmeal, Plain, VA's Best Flour",5 LB,BAG,,"VA's Best Flour"
"Cornmeal, Self-Rising, VA's Best Flour",10 LB,BAG,,"VA's Best Flour"
"Cornmeal, Self-Rising, VA's Best Flour",2 LB,BAG,,"VA's Best Flour"
"Cornmeal, Self-Rising, VA's Best Flour",25 LB,BAG,,"VA's Best Flour"
"Cornmeal, Self-Rising, VA's Best Flour",5 LB,BAG,,"VA's Best Flour"
"Flour, A-#1, PLAIN, VA's Best Flour",10 LB,BAG,,"VA's Best Flour"
"Flour, A-#1, PLAIN, VA's Best Flour",2 LB,BAG,,"VA's Best Flour"
"Flour, A-#1, PLAIN, VA's Best Flour",25 LB,BAG,,"VA's Best Flour"
"Flour, A-#1, PLAIN, VA's Best Flour",5 LB,BAG,,"VA's Best Flour"
"Flour, A-#1, PLAIN (Unbleached), VA's Best Flour",10 LB,BAG,,"VA's Best Flour"
"Flour, Biscuit Mix, VA's Best Flour",25 LB,BAG,,"VA's Best Flour"
"Flour, Biscuit Mix, VA's Best Flour",5 LB,BAG,,"VA's Best Flour"
"Flour, Rye, VA's Best Flour",10 LB,BAG,,"VA's Best Flour"
"Flour, Rye, VA's Best Flour",2 LB,BAG,,"VA's Best Flour"
"Flour, Rye, VA's Best Flour",25 LB,BAG,,"VA's Best Flour"
"Flour, Rye, VA's Best Flour",5 LB,BAG,,"VA's Best Flour"
"Flour, Seasoned Flour, VA's Best Flour",2 LB,BAG,,"VA's Best Flour"
"Flour, Seasoned Flour, VA's Best Flour",25 LB,BAG,,"VA's Best Flour"
"Flour, Seasoned Flour, VA's Best Flour",5 LB,BAG,,"VA's Best Flour"
"Flour, VA's Best Self-Rising, VA's Best Flour",10 LB,BAG,,"VA's Best Flour"
"Flour, VA's Best Self-Rising, VA's Best Flour",2 LB,BAG,,"VA's Best Flour"
"Flour, VA's Best Self-Rising, VA's Best Flour",25 LB,BAG,,"VA's Best Flour"
"Flour, VA's Best Self-Rising, VA's Best Flour",5 LB,BAG,,"VA's Best Flour"
"Flour, Whole Wheat, VA's Best Flour",10 LB,BAG,,"VA's Best Flour"
"Flour, Whole Wheat, VA's Best Flour",2 LB,BAG,,"VA's Best Flour"
"Flour, Whole Wheat, VA's Best Flour",25 LB,BAG,,"VA's Best Flour"
"Flour, Whole Wheat, VA's Best Flour",5 LB,BAG,,"VA's Best Flour"
"Blueberry Pie Glaze, 16 OZ, Wick's",24 CT,CASE,,"Wick's Pie Glaze"
"Peach Pie Glaze, 16 OZ, Wick's",24 CT,CASE,,"Wick's Pie Glaze"
"Strawberry (Sugar-Free) Pie Glaze, 16 OZ, Wick's",24 CT,CASE,,"Wick's Pie Glaze"
"Strawberry Pie Glaze, 16 OZ, Wick's",24 CT,CASE,,"Wick's Pie Glaze"
"Anise/Licorice, 6 OZ, Claey's Hard Candy",24 CT,CASE,"Claey's Hard Candy",Candy
"Assorted, 6 OZ, Claey's Hard Candy",24 CT,CASE,"Claey's Hard Candy",Candy
"Cinnamon, 6 OZ, Claey's Hard Candy",24 CT,CASE,"Claey's Hard Candy",Candy
"Green Apple, 6 OZ, Claey's Hard Candy",24 CT,CASE,"Claey's Hard Candy",Candy
"Horehound, 6 OZ, Claey's Hard Candy",24 CT,CASE,"Claey's Hard Candy",Candy
"Lemon, 6 OZ, Claey's Hard Candy",24 CT,CASE,"Claey's Hard Candy",Candy
"Peppermint, 6 OZ, Claey's Hard Candy",24 CT,CASE,"Claey's Hard Candy",Candy
"Root Beer, 6 OZ, Claey's Hard Candy",24 CT,CASE,"Claey's Hard Candy",Candy
"Sassafras, 6 OZ, Claey's Hard Candy",24 CT,CASE,"Claey's Hard Candy",Candy
"Watermelon, 6 OZ, Claey's Hard Candy",24 CT,CASE,"Claey's Hard Candy",Candy
"Wild Cherry, 6 OZ, Claey's Hard Candy",24 CT,CASE,"Claey's Hard Candy",Candy
"Red Band, Assorted, 12 OZ",12 CT,CASE,Stick Candy,Candy
"Red Band, Horehound, 12 OZ",12 CT,CASE,Stick Candy,Candy
"Red Band, Peppermint, 12 OZ",12 CT,CASE,Stick Candy,Candy
"Red Band, Vanilla, 12 OZ",12 CT,CASE,Stick Candy,Candy
"Red Band, Wintergreen, 12 OZ",12 CT,CASE,Stick Candy,Candy
"Red Bird, Assorted, 12 OZ",12 CT,CASE,Stick Candy,Candy
"Red Bird, Cinnamon, 12 OZ",12 CT,CASE,Stick Candy,Candy
"Red Bird, Clove, 12 OZ",12 CT,CASE,Stick Candy,Candy
"Red Bird, Cream Penny, 12 OZ",12 CT,CASE,Stick Candy,Candy
"Red Bird, Lemon, 12 OZ",12 CT,CASE,Stick Candy,Candy
"Red Bird, Sassafras, 12 OZ",12 CT,CASE,Stick Candy,Candy
"Red Bird, Wintergreen, 12 OZ",12 CT,CASE,Stick Candy,Candy
"Virginia Beauty, Birch, 12 OZ",12 CT,CASE,Stick Candy,Candy
"Virginia Beauty, Cherry, 12 OZ",12 CT,CASE,Stick Candy,Candy
"Virginia Beauty, Cinnamon, 12 OZ",12 CT,CASE,Stick Candy,Candy
"Virginia Beauty, Clove, 12 OZ",12 CT,CASE,Stick Candy,Candy
"Virginia Beauty, Cream, 12 OZ",12 CT,CASE,Stick Candy,Candy
"Virginia Beauty, Horehound, 12 OZ",12 CT,CASE,Stick Candy,Candy
"Virginia Beauty, Lemon, 12 OZ",12 CT,CASE,Stick Candy,Candy
"Virginia Beauty, Orange, 12 OZ",12 CT,CASE,Stick Candy,Candy
"Virginia Beauty, Peppermint, 12 OZ",12 CT,CASE,Stick Candy,Candy
"Virginia Beauty, Pineapple, 12 OZ",12 CT,CASE,Stick Candy,Candy
"Virginia Beauty, Sassafras, 12 OZ",12 CT,CASE,Stick Candy,Candy
"Virginia Beauty, Strawberry, 12 OZ",12 CT,CASE,Stick Candy,Candy
"Virginia Beauty, Wintergreen, 12 OZ",12 CT,CASE,Stick Candy,Candy
"Claxton Fruit Cake, 3/1 LB",24 LB,CASE,Sugar,Candy
"Almonds, Chocolate Covered",30 LB,CASE,Sugar,Candy
Atomic Fireballs,30 LB,CASE,Sugar,Candy
"Banana Chips, Sweet",14 LB,CASE,Sugar,Candy
Bit-O-Honey,30 LB,CASE,Sugar,Candy
Bridge Mix,30 LB,CASE,Sugar,Candy
Butterscotch Disks,30 LB,CASE,Sugar,Candy
Butterscotch Logs,20 LB,CASE,Sugar,Candy
Candy Corn,30 LB,CASE,Sugar,Candy
"Caramel Cream, Apple, Goetze's",10 LB,CASE,Sugar,Candy
"Caramel Cream, Chocolate, Goetze's",10 LB,CASE,Sugar,Candy
"Caramel Cream, Strawberry, Goetze's",10 LB,CASE,Sugar,Candy
"Caramel Cream, Vanilla, Goetze's",30 LB,CASE,Sugar,Candy
Caramel Squares,20 LB,CASE,Sugar,Candy
"Cashews, Chocolate Covered",15 LB,CASE,Sugar,Candy
"Cherry Slices, Bulk",31 LB,CASE,Sugar,Candy
"Cherry Slices, Wrapped",25 LB,CASE,Sugar,Candy
Chic-O-Stick,30 LB,CASE,Sugar,Candy
"Christmas Mix, All Hard, Loose",35 LB,CASE,Sugar,Candy
"Christmas Mix, All Hard, Packaged, 9 OZ",24 CT,CASE,Sugar,Candy
"Christmas Mix, Cut Rock, Loose",35 LB,CASE,Sugar,Candy
"Christmas Mix, Cut Rock, Packaged, 9 OZ",24 CT,CASE,Sugar,Candy
"Christmas Mix, Hard & Filled, Loose",35 LB,CASE,Sugar,Candy
"Christmas Mix, Hard & Filled, Packaged, 9 OZ",24 CT,CASE,Sugar,Candy
Cinnamon Buttons,30 LB,CASE,Sugar,Candy
"Circus Peanuts, 12 OZ",24 CT,CASE,Sugar,Candy
"Coconut Bon-Bons, Assorted",20 LB,CASE,Sugar,Candy
Coconut Flags,10 LB,CASE,Sugar,Candy
Coconut Flags,40 LB,CASE,Sugar,Candy
"Coconut Tips, Caramel",22 LB,CASE,Sugar,Candy
"Coconut Tips, Chocolate",22 LB,CASE,Sugar,Candy
Country Time Lemonade Sours,10 LB,CASE,Sugar,Candy
Cream Drops,25 LB,CASE,Sugar,Candy
"Fruit Slices, Bulk",31 LB,CASE,Sugar,Candy
"Fruit Slices, Wrapped",25 LB,CASE,Sugar,Candy
Giant Jels (Gum Drops),30 LB,CASE,Sugar,Candy
Gummi Bears,30 LB,CASE,Sugar,Candy
Gummi Worms,30 LB,CASE,Sugar,Candy
Jaw Breakers,30 LB,CASE,Sugar,Candy
Jelly Pumpkins,30 LB,CASE,Sugar,Candy
Jordan Almonds,10 LB,CASE,Sugar,Candy
"Lemon Slices, Bulk",31 LB,CASE,Sugar,Candy
"Malt Balls, Chocolate",25 LB,CASE,Sugar,Candy
"Malt Balls, Peanut Butter",25 LB,CASE,Sugar,Candy
"Malted Milk Balls, Jumbo",23 LB,CASE,Sugar,Candy
Maple Nut Goodies,28 LB,CASE,Sugar,Candy
Mary Janes,30 LB,CASE,Sugar,Candy
Now & Later,40 LB,CASE,Sugar,Candy
"Orange Slices, Bulk",31 LB,CASE,Sugar,Candy
"Orange Slices, Wrapped",20.5 LB,CASE,Sugar,Candy
Peanut Brittle,15 LB,CASE,Sugar,Candy
Peanut Butter Bars,30 LB,CASE,Sugar,Candy
"Peanut Clusters, Chocolate Covered",25 LB,CASE,Sugar,Candy
Peanut Squares,30 LB,CASE,Sugar,Candy
"Peanut Squares, Chocolate, Half-Dipped",15 LB,CASE,Sugar,Candy
"Peanuts, Chocolate, Double-Dipped",25 LB,CASE,Sugar,Candy
"Peanuts, Chocolate, Single-Dipped",30 LB,CASE,Sugar,Candy
"Peppermint Puffs, Assorted, Wrapped",20 LB,CASE,Sugar,Candy
"Peppermint Puffs, Broken, 1 LB Bags",24 CT,CASE,Sugar,Candy
"Peppermint Puffs, Broken, Assorted, 1 LB Bags",24 CT,CASE,Sugar,Candy
"Peppermint Puffs, Wrapped",20 LB,CASE,Sugar,Candy
"Pretzels, Milk Chocolate ",15 LB,CASE,Sugar,Candy
"Pretzels, White Chocolate",15 LB,CASE,Sugar,Candy
"Raisin Clusters, 12 OZ",24 CT,CASE,Sugar,Candy
"Raisins, Sun-Maid Packaged",144 CT,CASE,Sugar,Candy
"Raisins, Chocolate Covered",30 LB,CASE,Sugar,Candy
"Ribbon Candy, 9 OZ",24 CT,CASE,Sugar,Candy
"Rock Candy, Cherry",5 LB,CASE,Sugar,Candy
"Rock Candy, Grape",5 LB,CASE,Sugar,Candy
"Rock Candy, Lime",5 LB,CASE,Sugar,Candy
"Rock Candy, Swizel Sticks",60 CT,CASE,Sugar,Candy
"Rock Candy, White",5 LB,CASE,Sugar,Candy
Runts,30 LB,CASE,Sugar,Candy
Sesame Sticks,15 LB,CASE,Sugar,Candy
"Sesame Sticks, Garlic",15 LB,CASE,Sugar,Candy
Smarties,40 LB,CASE,Sugar,Candy
Sour Cherry Balls,31 LB,CASE,Sugar,Candy
Spice Drops,30 LB,CASE,Sugar,Candy
Squirrel Nut Zippers,30 LB,CASE,Sugar,Candy
Starlight Mints,30 LB,CASE,Sugar,Candy
Super Bubble Gum,300 CT,BUCKET,Sugar,Candy
"Super Bubble Gum, Assorted",300 CT,BUCKET,Sugar,Candy
Tootsie Rolls,30 LB,CASE,Sugar,Candy
"Tootsie Rolls, Assorted",30 LB,CASE,Sugar,Candy
Truly Fruit Gems,30 LB,CASE,Sugar,Candy
"Vanilla Wafers, 12 OZ",12 CT,CASE,Sugar,Candy
Zagnut,30 LB,CASE,Sugar,Candy
Butterscotch Buttons,15 LB,CASE,Sugar-Free,Candy
Cherry Buttons,15 LB,CASE,Sugar-Free,Candy
Chic-O-Sticks,15 LB,CASE,Sugar-Free,Candy
Cinammon Buttons,15 LB,CASE,Sugar-Free,Candy
Dried Apples,25 LB,CASE,Sugar-Free,Candy
Peanut Butter Bars,15 LB,CASE,Sugar-Free,Candy
"Peanuts, Chocolate Covered",10 LB,CASE,Sugar-Free,Candy
"Raisins, Chocolate Covered",10 LB,CASE,Sugar-Free,Candy
Root Beer Buttons,15 LB,CASE,Sugar-Free,Candy
Anasazi Beans,25 LB,CASE,,Dried Beans
Anasazi Beans,50 LB,CASE,,Dried Beans
Black Beans,100 LB,CASE,,Dried Beans
Black Beans,25 LB,CASE,,Dried Beans
Black-Eye Peas,25 LB,CASE,,Dried Beans
Colored Butter Beans,25 LB,CASE,,Dried Beans
Field Peas,25 LB,CASE,,Dried Beans
Garbanzo Beans,25 LB,CASE,,Dried Beans
Great Northern Beans,25 LB,CASE,,Dried Beans
"Green Peas, Split",25 LB,CASE,,Dried Beans
"Green Peas, Whole",25 LB,CASE,,Dried Beans
"Lentils, Brown",25 LB,CASE,,Dried Beans
"Lentils, Red",25 LB,CASE,,Dried Beans
"Lima Beans, Green Baby",25 LB,CASE,,Dried Beans
"Lima Beans, Large",25 LB,CASE,,Dried Beans
"Lima Beans, White Baby",25 LB,CASE,,Dried Beans
Mayacoba/Canario Beans,50 LB,CASE,,Dried Beans
Navy Beans,25 LB,CASE,,Dried Beans
Pink Beans,25 LB,CASE,,Dried Beans
Pinto Beans,25 LB,CASE,,Dried Beans
"Pinto Beans, PEAK",100 LB,CASE,,Dried Beans
"Pinto Beans, PEAK",50 LB,CASE,,Dried Beans
"Pinto Beans, PEAK, Burlap Bag",10 LB,CASE,,Dried Beans
Red Kidney Beans,25 LB,CASE,,Dried Beans
Small Red Beans,100 LB,CASE,,Dried Beans
Small Red Beans,25 LB,CASE,,Dried Beans
Yellow Eye Beans,25 LB,CASE,,Dried Beans
"Yellow Peas, Split",25 LB,CASE,,Dried Beans
"Eggs, Brown, Carton, Large",15 DOZ,CASE,,Eggs
"Eggs, Brown, Carton, Large",30 DOZ,CASE,,Eggs
"Eggs, White, Carton, Large",15 DOZ,CASE,,Eggs
"Eggs, White, Carton, Large",30 DOZ,CASE,,Eggs
"Eggs, White, Carton, Large, Organic",15 DOZ,CASE,,Eggs
"Eggs, White, Carton, XL",30 DOZ,CASE,,Eggs
"Eggs, White, Loose, XL",30 DOZ,CASE,,Eggs
"Onion Sets, Green Vidalia",2000 CT,BAG,Onion Sets,Garden Supplies
"Onion Sets, Red, Large",36 LB,BAG,Onion Sets,Garden Supplies
"Onion Sets, Red, Small",37 LB,BAG,Onion Sets,Garden Supplies
"Onion Sets, Vidalia",4/10 LB,BAG,Onion Sets,Garden Supplies
"Onion Sets, White, Large",35 LB,BAG,Onion Sets,Garden Supplies
"Onion Sets, White, Small",34 LB,BAG,Onion Sets,Garden Supplies
"Onion Sets, Yellow, Large",33 LB,BAG,Onion Sets,Garden Supplies
"Onion Sets, Yellow, Small",32 LB,BAG,Onion Sets,Garden Supplies
"Blue Goose Seed Potatoes, Irish Cobbler",50 LB,BAG,Seed Potatoes,Garden Supplies
"Blue Goose Seed Potatoes, Kennebec",50 LB,BAG,Seed Potatoes,Garden Supplies
"Blue Goose Seed Potatoes, Purple",50 LB,BAG,Seed Potatoes,Garden Supplies
"Blue Goose Seed Potatoes, Red Chieftan",50 LB,BAG,Seed Potatoes,Garden Supplies
"Blue Goose Seed Potatoes, Red Norland",50 LB,BAG,Seed Potatoes,Garden Supplies
"Blue Goose Seed Potatoes, Red Pontiac",50 LB,BAG,Seed Potatoes,Garden Supplies
"Blue Goose Seed Potatoes, Superior",50 LB,BAG,Seed Potatoes,Garden Supplies
"Blue Goose Seed Potatoes, Yukon Gold",50 LB,BAG,Seed Potatoes,Garden Supplies
"Canadian Seed Potatoes, Irish Cobbler",50 LB,BAG,Seed Potatoes,Garden Supplies
"Canadian Seed Potatoes, Kennebec",50 LB,BAG,Seed Potatoes,Garden Supplies
"Canadian Seed Potatoes, Norkotah",50 LB,BAG,Seed Potatoes,Garden Supplies
"Canadian Seed Potatoes, Red Lasoda",50 LB,BAG,Seed Potatoes,Garden Supplies
"Canadian Seed Potatoes, Red Pontiac",50 LB,BAG,Seed Potatoes,Garden Supplies
"Canadian Seed Potatoes, Superior",50 LB,BAG,Seed Potatoes,Garden Supplies
"Canadian Seed Potatoes, Yukon Gold",50 LB,BAG,Seed Potatoes,Garden Supplies
"Seeds,  Beans, Roma",10 LB,BAG,Seeds,Garden Supplies
"Seeds, Beans, Blue Lake",10 LB,BAG,Seeds,Garden Supplies
"Seeds, Beans, Jackson Wonders",10 LB,BAG,Seeds,Garden Supplies
"Seeds, Beans, Jade",10 LB,BAG,Seeds,Garden Supplies
"Seeds, Beans, Kentucky Wonders",10 LB,BAG,Seeds,Garden Supplies
"Seeds, Beans, Mountain 1/2 Runner",50 LB,BAG,Seeds,Garden Supplies
"Seeds, Beans, Octobers",10 LB,BAG,Seeds,Garden Supplies
"Seeds, Beans, State 1/2 Runner",50 LB,BAG,Seeds,Garden Supplies
"Seeds, Beans, Strike",10 LB,BAG,Seeds,Garden Supplies
"Seeds, Beans, Tenderette",10 LB,BAG,Seeds,Garden Supplies
"Seeds, Beans, Thorogreen Lima",10 LB,BAG,Seeds,Garden Supplies
"Seeds, Beets, Detroit",1 LB,BAG,Seeds,Garden Supplies
"Seeds, Carrots, Danver",1 LB,BAG,Seeds,Garden Supplies
"Seeds, Corn, Early Sunglow",5 LB,BAG,Seeds,Garden Supplies
"Seeds, Corn, G-90 Bi-Color",5 LB,BAG,Seeds,Garden Supplies
"Seeds, Corn, Golden Queen",5 LB,BAG,Seeds,Garden Supplies
"Seeds, Corn, Hickory King",10 LB,BAG,Seeds,Garden Supplies
"Seeds, Corn, Honey Select Hybrid",5 LB,BAG,Seeds,Garden Supplies
"Seeds, Corn, Kandy",5 LB,BAG,Seeds,Garden Supplies
"Seeds, Corn, Merit Hybrid",5 LB,BAG,Seeds,Garden Supplies
"Seeds, Corn, Silver King",5 LB,BAG,Seeds,Garden Supplies
"Seeds, Corn, Silver Queen",5 LB,BAG,Seeds,Garden Supplies
"Seeds, Corn, Trucker's Finest",10 LB,BAG,Seeds,Garden Supplies
"Seeds, Cucumber, Burpless",1 LB,BAG,Seeds,Garden Supplies
"Seeds, Cucumber, Calypso",1 LB,BAG,Seeds,Garden Supplies
"Seeds, Cucumber, Early Cluster",1 LB,BAG,Seeds,Garden Supplies
"Seeds, Cucumber, National",1 LB,BAG,Seeds,Garden Supplies
"Seeds, Cucumber, Poinsette",1 LB,BAG,Seeds,Garden Supplies
"Seeds, Cucumber, Straight 8",1 LB,BAG,Seeds,Garden Supplies
"Seeds, Cucumbers, Ashley",1 LB,BAG,Seeds,Garden Supplies
"Seeds, Cucumbers, Marketeer",1 LB,BAG,Seeds,Garden Supplies
"Seeds, Greens, Collards, Morris-Heading",1 LB,BAG,Seeds,Garden Supplies
"Seeds, Greens, Collards, Yates",1 LB,BAG,Seeds,Garden Supplies
"Seeds, Greens, Creasy",1 LB,BAG,Seeds,Garden Supplies
"Seeds, Greens, Kale",1 LB,BAG,Seeds,Garden Supplies
"Seeds, Greens, Mustard",1 LB,BAG,Seeds,Garden Supplies
"Seeds, Greens, Mustard Broadleaf",1 LB,BAG,Seeds,Garden Supplies
"Seeds, Okra, Clemson",1 LB,BAG,Seeds,Garden Supplies
"Seeds, Peas, Early Alaskan",10 LB,BAG,Seeds,Garden Supplies
"Seeds, Peas, Purple Hull",10 LB,BAG,Seeds,Garden Supplies
"Seeds, Peas, Thomas Laxton",10 LB,BAG,Seeds,Garden Supplies
"Seeds, Peas, Wando",10 LB,BAG,Seeds,Garden Supplies
"Seeds, Radish, Cherry Bell",1 LB,BAG,Seeds,Garden Supplies
"Seeds, Spinach, Bloomsdale",1 LB,BAG,Seeds,Garden Supplies
"Seeds, Squash, Green",1 LB,BAG,Seeds,Garden Supplies
"Seeds, Squash, Yellow Crook Neck",1 LB,BAG,Seeds,Garden Supplies
"Seeds, Squash, Yellow Straight Neck",1 LB,BAG,Seeds,Garden Supplies
"Seeds, Sugar Snap",10 LB,BAG,Seeds,Garden Supplies
"Seeds, Turnips, Purple Top",5 LB,BAG,Seeds,Garden Supplies
"Seeds, Turnips. Seven-Top",1 LB,BAG,Seeds,Garden Supplies
"Seeds, Watermelon, Crimson Sweet",1 LB,BAG,Seeds,Garden Supplies
"Apples, Ambrosia, X Fancy, Tray",72 CT,CASE,Apples,Fruit
"Apples, Ambrosia, X Fancy, Tray",80 CT,CASE,Apples,Fruit
"Apples, Aurora, X Fancy, Tray",80 CT,CASE,Apples,Fruit
"Apples, Braeburn, Loose",1 Bushel,CASE,Apples,Fruit
"Apples, Braeburn, X Fancy, Organic",27 LB,CASE,Apples,Fruit
"Apples, Braeburn, X Fancy, Tray",72 CT,CASE,Apples,Fruit
"Apples, Braeburn, X Fancy, Tray",80 CT,CASE,Apples,Fruit
"Apples, Cameo, Loose",1 Bushel,CASE,Apples,Fruit
"Apples, Cameo, X Fancy, Tray",56 CT,CASE,Apples,Fruit
"Apples, Cameo, X Fancy, Tray",64 CT,CASE,Apples,Fruit
"Apples, Cameo, X Fancy, Tray",72 CT,CASE,Apples,Fruit
"Apples, Cameo, X Fancy, Tray",80 CT,CASE,Apples,Fruit
"Apples, Candy",18 CT,CASE,Apples,Fruit
"Apples, Caramel",18 CT,CASE,Apples,Fruit
"Apples, Cortland, X Fancy, Tray",80 CT,CASE,Apples,Fruit
"Apples, Crab, Organic",12/1 LB,CASE,Apples,Fruit
"Apples, Deer/Juice","24 Bin","24 BIN",Apples,Fruit
"Apples, Empire, X Fancy, Tray",80 CT,CASE,Apples,Fruit
"Apples, Fuji, Bagged, 3 LB",12/3 LB,CASE,Apples,Fruit
"Apples, Fuji, Bagged, 3 LB, Organic",12/3 LB,CASE,Apples,Fruit
"Apples, Fuji, Bagged, 5 LB",120/5 LB,"24 BIN",Apples,Fruit
"Apples, Fuji, Loose",1 Bushel,CASE,Apples,Fruit
"Apples, Fuji, X Fancy, Organic",27 LB,CASE,Apples,Fruit
"Apples, Fuji, X Fancy, Tray",125 CT,CASE,Apples,Fruit
"Apples, Fuji, X Fancy, Tray",56 CT,CASE,Apples,Fruit
"Apples, Fuji, X Fancy, Tray",64 CT,CASE,Apples,Fruit
"Apples, Fuji, X Fancy, Tray",72 CT,CASE,Apples,Fruit
"Apples, Fuji, X Fancy, Tray",80 CT,CASE,Apples,Fruit
"Apples, Gala, Bagged, 3 LB",12/3 LB,CASE,Apples,Fruit
"Apples, Gala, Bagged, 3 LB",200/3 LB,"24 BIN",Apples,Fruit
"Apples, Gala, Bagged, 3 LB, Organic",12/3 LB,CASE,Apples,Fruit
"Apples, Gala, Bagged, 5 LB",120/5 LB,"24 BIN",Apples,Fruit
"Apples, Gala, Bagged, 5 LB",8/5 LB,CASE,Apples,Fruit
"Apples, Gala, Loose",1 Bushel,CASE,Apples,Fruit
"Apples, Gala, X Fancy, Organic",27 LB,CASE,Apples,Fruit
"Apples, Gala, X Fancy, Tray",100 CT,CASE,Apples,Fruit
"Apples, Gala, X Fancy, Tray",113 CT,CASE,Apples,Fruit
"Apples, Gala, X Fancy, Tray",125 CT,CASE,Apples,Fruit
"Apples, Gala, X Fancy, Tray",56 CT,CASE,Apples,Fruit
"Apples, Gala, X Fancy, Tray",64 CT,CASE,Apples,Fruit
"Apples, Gala, X Fancy, Tray",72 CT,CASE,Apples,Fruit
"Apples, Gala, X Fancy, Tray",80 CT,CASE,Apples,Fruit
"Apples, Ginger Gold, Loose",1 Bushel,CASE,Apples,Fruit
"Apples, Golden Delicious, Bagged, 3 LB",12/3 LB,CASE,Apples,Fruit
"Apples, Golden Delicious, Bagged, 5 LB",120/5 LB,"24 BIN",Apples,Fruit
"Apples, Golden Delicious, Bagged, 5 LB",8/5 LB,CASE,Apples,Fruit
"Apples, Golden Delicious, Bagged, 8 LB",75/8 LB,"24 BIN",Apples,Fruit
"Apples, Golden Delicious, Loose",1 Bushel,CASE,Apples,Fruit
"Apples, Golden Delicious, Loose","24 Bin","24 BIN",Apples,Fruit
"Apples, Golden Delicious, X Fancy, Organic",27 LB,CASE,Apples,Fruit
"Apples, Golden Delicious, X Fancy, Tray",100 CT,CASE,Apples,Fruit
"Apples, Golden Delicious, X Fancy, Tray",113 CT,CASE,Apples,Fruit
"Apples, Golden Delicious, X Fancy, Tray",125 CT,CASE,Apples,Fruit
"Apples, Golden Delicious, X Fancy, Tray",56 CT,CASE,Apples,Fruit
"Apples, Golden Delicious, X Fancy, Tray",64 CT,CASE,Apples,Fruit
"Apples, Golden Delicious, X Fancy, Tray",72 CT,CASE,Apples,Fruit
"Apples, Golden Delicious, X Fancy, Tray",80 CT,CASE,Apples,Fruit
"Apples, Golden Delicious, X Fancy, Tray",88 CT,CASE,Apples,Fruit
"Apples, Granny Smith,  Loose",1 Bushel,CASE,Apples,Fruit
"Apples, Granny Smith, Bagged, 3 LB",12/3 LB,CASE,Apples,Fruit
"Apples, Granny Smith, Bagged, 3 LB, Organic",12/3 LB,CASE,Apples,Fruit
"Apples, Granny Smith, Bagged, 5 LB",120/5 LB,"24 BIN",Apples,Fruit
"Apples, Granny Smith, X Fancy, Organic",27 LB,CASE,Apples,Fruit
"Apples, Granny Smith, X Fancy, Tray",100 CT,CASE,Apples,Fruit
"Apples, Granny Smith, X Fancy, Tray",113 CT,CASE,Apples,Fruit
"Apples, Granny Smith, X Fancy, Tray",125 CT,CASE,Apples,Fruit
"Apples, Granny Smith, X Fancy, Tray",56 CT,CASE,Apples,Fruit
"Apples, Granny Smith, X Fancy, Tray",64 CT,CASE,Apples,Fruit
"Apples, Granny Smith, X Fancy, Tray",72 CT,CASE,Apples,Fruit
"Apples, Granny Smith, X Fancy, Tray",80 CT,CASE,Apples,Fruit
"Apples, Granny Smith, X Fancy, Tray",88 CT,CASE,Apples,Fruit
"Apples, Green Lodi, Loose",1 Bushel,CASE,Apples,Fruit
"Apples, Green Summer Rambo, Loose",1 Bushel,CASE,Apples,Fruit
"Apples, Honeycrisp, Loose",1 Bushel,CASE,Apples,Fruit
"Apples, Honeycrisp, X Fancy, Tray",36 CT,CASE,Apples,Fruit
"Apples, Honeycrisp, X Fancy, Tray",56 CT,CASE,Apples,Fruit
"Apples, Honeycrisp, X Fancy, Tray",64 CT,CASE,Apples,Fruit
"Apples, Honeycrisp, X Fancy, Tray",72 CT,CASE,Apples,Fruit
"Apples, Jazz, X Fancy, Tray",56 CT,CASE,Apples,Fruit
"Apples, Jazz, X Fancy, Tray",64 CT,CASE,Apples,Fruit
"Apples, Jazz, X Fancy, Tray",72 CT,CASE,Apples,Fruit
"Apples, Jazz, X Fancy, Tray",80 CT,CASE,Apples,Fruit
"Apples, Jonagold, Loose",1 Bushel,CASE,Apples,Fruit
"Apples, Jonagold, X Fancy, Tray",56 CT,CASE,Apples,Fruit
"Apples, Jonagold, X Fancy, Tray",64 CT,CASE,Apples,Fruit
"Apples, Jonagold, X Fancy, Tray",72 CT,CASE,Apples,Fruit
"Apples, Jonagold, X Fancy, Tray",80 CT,CASE,Apples,Fruit
"Apples, Lady Alice. X Fancy, Tray",36 CT,CASE,Apples,Fruit
"Apples, McIntosh, Bagged",12/3 LB,CASE,Apples,Fruit
"Apples, McIntosh, Loose",1 Bushel,CASE,Apples,Fruit
"Apples, McIntosh, X Fancy, Tray",113 CT,CASE,Apples,Fruit
"Apples, McIntosh, X Fancy, Tray",125 CT,CASE,Apples,Fruit
"Apples, McIntosh, X Fancy, Tray",80 CT,CASE,Apples,Fruit
"Apples, Mutsu, Loose",1 Bushel,CASE,Apples,Fruit
"Apples, Mutsu, Loose","24 Bin","24 BIN",Apples,Fruit
"Apples, Pink Lady, Loose",1 Bushel,CASE,Apples,Fruit
"Apples, Pink Lady, X Fancy, Organic",27 LB,CASE,Apples,Fruit
"Apples, Pink Lady, X Fancy, Tray",56 CT,CASE,Apples,Fruit
"Apples, Pink Lady, X Fancy, Tray",64 CT,CASE,Apples,Fruit
"Apples, Pink Lady, X Fancy, Tray",72 CT,CASE,Apples,Fruit
"Apples, Pink Lady, X Fancy, Tray",80 CT,CASE,Apples,Fruit
"Apples, Red Delicious, Bagged, 3 LB",12/3 LB,CASE,Apples,Fruit
"Apples, Red Delicious, Bagged, 5 LB",120/5 LB,"24 BIN",Apples,Fruit
"Apples, Red Delicious, Bagged, 5 LB",8/5 LB,CASE,Apples,Fruit
"Apples, Red Delicious, Bagged, 8 LB",75/8 LB,"24 BIN",Apples,Fruit
"Apples, Red Delicious, Loose",1 Bushel,CASE,Apples,Fruit
"Apples, Red Delicious, Loose","24 Bin","24 BIN",Apples,Fruit
"Apples, Red Delicious, X Fancy, Organic",27 LB,CASE,Apples,Fruit
"Apples, Red Delicious, X Fancy, Tray",100 CT,CASE,Apples,Fruit
"Apples, Red Delicious, X Fancy, Tray",113 CT,CASE,Apples,Fruit
"Apples, Red Delicious, X Fancy, Tray",125 CT,CASE,Apples,Fruit
"Apples, Red Delicious, X Fancy, Tray",56 CT,CASE,Apples,Fruit
"Apples, Red Delicious, X Fancy, Tray",64 CT,CASE,Apples,Fruit
"Apples, Red Delicious, X Fancy, Tray",72 CT,CASE,Apples,Fruit
"Apples, Red Delicious, X Fancy, Tray",80 CT,CASE,Apples,Fruit
"Apples, Red Delicious, X Fancy, Tray",88 CT,CASE,Apples,Fruit
"Apples, Rome, Bagged, 3 LB",12/3  LB,CASE,Apples,Fruit
"Apples, Rome, Loose",1 Bushel,CASE,Apples,Fruit
"Apples, Rome, Loose","24 Bin","24 BIN",Apples,Fruit
"Apples, Rome, X Fancy, Tray",100 CT,CASE,Apples,Fruit
"Apples, Rome, X Fancy, Tray",113 CT,CASE,Apples,Fruit
"Apples, Rome, X Fancy, Tray",125 CT,CASE,Apples,Fruit
"Apples, Rome, X Fancy, Tray",72 CT,CASE,Apples,Fruit
"Apples, Sliced, Mott's",100/2 OZ,CASE,Apples,Fruit
"Apples, Sonya, X Fancy, Tray",80 CT,CASE,Apples,Fruit
"Apples, Stayman, Loose",1 Bushel,CASE,Apples,Fruit
"Apples, Stayman, Loose","24 Bin","24 BIN",Apples,Fruit
"Apples, Stayman, X Fancy, Tray",125 CT,CASE,Apples,Fruit
"Apples, Stayman, X Fancy, Tray",72 CT,CASE,Apples,Fruit
"Apples, Winesap, Loose",1 Bushel,CASE,Apples,Fruit
"Apples, York, Loose",1 Bushel,CASE,Apples,Fruit
"Apples, York, Loose","24 Bin","24 BIN",Apples,Fruit
"Mixed Fruit (Apples & Oranges), Bagged",10/4 LB,CASE,Apples,Fruit
"Mixed Fruit (Apples & Oranges), Bagged",8/5 LB,CASE,Apples,Fruit
"Avocados, Florida Green",12 CT,CASE,Avocados,Fruit
"Avocados, Hass",36 CT,CASE,Avocados,Fruit
"Avocados, Hass",48 CT,CASE,Avocados,Fruit
"Avocados, Hass",60 CT,CASE,Avocados,Fruit
"Avocados, Hass, Bagged",15/4 CT,CASE,Avocados,Fruit
"Avocados, Hass, Organic",48 CT,CASE,Avocados,Fruit
"Blackberries, Clamshell",12/1 PINT,CASE,Berries,Fruit
"Blackberries, Clamshell",12/6 OZ,CASE,Berries,Fruit
"Blackberries, Clamshell, Organic",12/6 OZ,CASE,Berries,Fruit
"Blueberries, Clamshell",12/1 PINT,CASE,Berries,Fruit
"Blueberries, Clamshell",12/6 OZ,CASE,Berries,Fruit
"Blueberries, Clamshell, Organic",12/6 OZ,CASE,Berries,Fruit
"Cranberries, Bulk",30 LB,CASE,Berries,Fruit
"Cranberries, Cello, 12 OZ",24/12 OZ,CASE,Berries,Fruit
"Raspberries, Gold, Clamshell",12/6 OZ,CASE,Berries,Fruit
"Raspberries, Red, Clamshell",12/1 PINT,CASE,Berries,Fruit
"Raspberries, Red, Clamshell",12/6 OZ,CASE,Berries,Fruit
"Raspberries, Red, Clamshell",6/12 OZ,CASE,Berries,Fruit
"Raspberries, Red, Clamshell, Organic",12/6 OZ,CASE,Berries,Fruit
"Strawberries, California, Clamshell",8/1 LB,CASE,Berries,Fruit
"Strawberries, Driscoll, Clamshell",4/2 LB,CASE,Berries,Fruit
"Strawberries, Driscoll, Clamshell",8/1 LB,CASE,Berries,Fruit
"Strawberries, Driscoll, Clamshell, Organic",8/1 LB,CASE,Berries,Fruit
"Strawberries, Florida, Clamshell",8/1 LB,CASE,Berries,Fruit
"Strawberries, Loose",12/1 PINT,CASE,Berries,Fruit
"Strawberries, North Carolina, Clamshell",8/1 LB,CASE,Berries,Fruit
Buddha's Hand,12 CT,CASE,Citrus,Fruit
Clementines,4/5 LB,CASE,Citrus,Fruit
"Clementines, Bagged",10/3 LB,CASE,Citrus,Fruit
"Grapefruit, Pink",EACH,EACH,Citrus,Fruit
"Grapefruit, Pink, Bagged",120/5 LB,"24 BIN",Citrus,Fruit
"Grapefruit, Pink, Bagged",4/10 LB,CASE,Citrus,Fruit
"Grapefruit, Pink, Bagged",8/5 LB,CASE,Citrus,Fruit
"Grapefruit, Pink, Loose",27 CT,CASE,Citrus,Fruit
"Grapefruit, Pink, Loose",36 CT,CASE,Citrus,Fruit
"Grapefruit, Pink, Loose",40 CT,CASE,Citrus,Fruit
"Grapefruit, Pink, Loose",48 CT,CASE,Citrus,Fruit
"Grapefruit, Pink, Loose",56 CT,CASE,Citrus,Fruit
"Grapefruit, Pink, Loose, Organic",32 CT,CASE,Citrus,Fruit
"Grapefruit, White",36 CT,CASE,Citrus,Fruit
"Key Limes, Bagged",10/1 LB,CASE,Citrus,Fruit
Kumquats,12 CT,CASE,Citrus,Fruit
Lee Citrus,100 CT,CASE,Citrus,Fruit
Lee Citrus,64 CT,CASE,Citrus,Fruit
Lee Citrus,80 CT,CASE,Citrus,Fruit
"Lemons, Bagged",18/2 LB,CASE,Citrus,Fruit
"Lemons, Choice",140 CT,CASE,Citrus,Fruit
"Lemons, Choice",165 CT,CASE,Citrus,Fruit
"Lemons, Choice",95 CT,CASE,Citrus,Fruit
"Lemons, Choice",DOZEN,DOZEN,Citrus,Fruit
"Lemons, Organic",115 CT,CASE,Citrus,Fruit
Limes,175 CT,CASE,Citrus,Fruit
Limes,200 CT,CASE,Citrus,Fruit
Limes,40 CT,CASE,Citrus,Fruit
Limes,48 CT,CASE,Citrus,Fruit
Limes,DOZEN,DOZEN,Citrus,Fruit
"Limes, Bagged",12/6 CT,CASE,Citrus,Fruit
Mandarins,10/3 LB,CASE,Citrus,Fruit
Meyer Lemons,20 LB,CASE,Citrus,Fruit
Minneola Tangelos,64 CT,CASE,Citrus,Fruit
Minneola Tangelos,80 CT,CASE,Citrus,Fruit
"Oranges, Blood",36 CT,CASE,Citrus,Fruit
"Oranges, Cara Cara, Bagged",12/3 LB,CASE,Citrus,Fruit
"Oranges, Cara Cara, Loose",56 CT,CASE,Citrus,Fruit
"Oranges, Juice",100 CT,CASE,Citrus,Fruit
"Oranges, Juice",125 CT,CASE,Citrus,Fruit
"Oranges, Juice",138 CT,CASE,Citrus,Fruit
"Oranges, Juice, Bagged",10/4 LB,CASE,Citrus,Fruit
"Oranges, Navel, Bagged, Calf.",10/4 LB,CASE,Citrus,Fruit
"Oranges, Navel, Bagged, Calf.",6/8 LB,CASE,Citrus,Fruit
"Oranges, Navel, Bagged, Calf.",75/8 LB,CASE,Citrus,Fruit
"Oranges, Navel, Bagged, Florida",10/4 LB,CASE,Citrus,Fruit
"Oranges, Navel, Bagged, Florida",6/8 LB,CASE,Citrus,Fruit
"Oranges, Navel, Bagged, Florida",75/8 LB,CASE,Citrus,Fruit
"Oranges, Navel, Calf.",48 CT,CASE,Citrus,Fruit
"Oranges, Navel, Calf.",56 CT,CASE,Citrus,Fruit
"Oranges, Navel, Calf.",72 CT,CASE,Citrus,Fruit
"Oranges, Navel, Calf.",88 CT,CASE,Citrus,Fruit
"Oranges, Navel, Florida",36 CT,CASE,Citrus,Fruit
"Oranges, Navel, Florida",40 CT,CASE,Citrus,Fruit
"Oranges, Navel, Florida",48 CT,CASE,Citrus,Fruit
"Oranges, Navel, Florida",56 CT,CASE,Citrus,Fruit
"Oranges, Navel, Florida",64 CT,CASE,Citrus,Fruit
"Oranges, Navels",EACH,EACH,Citrus,Fruit
"Oranges, Temple",80 CT,CASE,Citrus,Fruit
"Oranges, Valencia, Bagged",12/3 LB,CASE,Citrus,Fruit
Pommelos,6 CT,CASE,Citrus,Fruit
Ponkans,64 CT,CASE,Citrus,Fruit
Ponkans,80 CT,CASE,Citrus,Fruit
Satsumas,100 CT,CASE,Citrus,Fruit
Tangelos,100 CT,CASE,Citrus,Fruit
Tangelos,80 CT,CASE,Citrus,Fruit
"Tangelos, Bagged",10/4 LB,CASE,Citrus,Fruit
"Tangerines, Fall Glo",80 CT,CASE,Citrus,Fruit
"Tangerines, Honey",100 CT,CASE,Citrus,Fruit
"Tangerines, Honey",120 CT,CASE,Citrus,Fruit
"Tangerines, Honey",150 CT,CASE,Citrus,Fruit
"Tangerines, Honey",80 CT,CASE,Citrus,Fruit
"Tangerines, Honey, Bagged",12/3 LB,CASE,Citrus,Fruit
"Tangerines, Sunburst",100 CT,CASE,Citrus,Fruit
"Tangerines, Sunburst",120 CT,CASE,Citrus,Fruit
"Tangerines, Sunburst",150 CT,CASE,Citrus,Fruit
"Tangerines, Sunburst",64 CT,CASE,Citrus,Fruit
"Tangerines, Sunburst",80 CT,CASE,Citrus,Fruit
"Tangerines, Sunburst, Bagged",12/3 LB,CASE,Citrus,Fruit
Ugli Fruit,16-18 CT,CASE,Citrus,Fruit
"Grapes, Black Seedless, Bagged",19 LB,CASE,Grapes,Fruit
"Grapes, Holiday Red Seedless",19 LB,CASE,Grapes,Fruit
"Grapes, Muscadine",19 LB,CASE,Grapes,Fruit
"Grapes, Red Globe, Bagged",19 LB,CASE,Grapes,Fruit
"Grapes, Red Seedless, Bagged",19 LB,CASE,Grapes,Fruit
"Grapes, Red Seedless, Lunch Bunch",19 LB,CASE,Grapes,Fruit
"Grapes, Scuppernong",19 LB,CASE,Grapes,Fruit
"Grapes, White Seedless, Bagged",19 LB,CASE,Grapes,Fruit
Canary Melon,EACH,EACH,Melons,Fruit
"Cantaloupe, Eastern",EACH,EACH,Melons,Fruit
"Cantaloupe, Eastern, Jumbo",80 CT,"24 BIN",Melons,Fruit
"Cantaloupe, Eastern, Large",120 CT,"24 BIN",Melons,Fruit
"Cantaloupe, Eastern, Medium",150 CT,"24 BIN",Melons,Fruit
"Cantaloupe, Eastern, XL",100 CT,"24 BIN",Melons,Fruit
"Cantaloupe, Western",12 CT,CASE,Melons,Fruit
"Cantaloupe, Western",15 CT,CASE,Melons,Fruit
"Cantaloupe, Western",9 CT,CASE,Melons,Fruit
Crenshaw Melon,6-9 CT,CASE,Melons,Fruit
Honeydew,5-6 CT,CASE,Melons,Fruit
Honeydew,EACH,EACH,Melons,Fruit
"Watermelon, Crimson",EACH,EACH,Melons,Fruit
"Watermelon, Crimson, Medium",30-35 CT,"24 BIN",Melons,Fruit
"Watermelon, Crimson, XL",30-40 CT,"36 BIN",Melons,Fruit
"Watermelon, Jubilee",EACH,EACH,Melons,Fruit
"Watermelon, Jubilee, Medium",30-35 CT,"24 BIN",Melons,Fruit
"Watermelon, Jubilee, XL",30-40 CT,"36 BIN",Melons,Fruit
"Watermelon, Personal",6-8 CT,CASE,Melons,Fruit
"Watermelon, Sangria",EACH,EACH,Melons,Fruit
"Watermelon, Sangria, Medium",30-35 CT,"24 BIN",Melons,Fruit
"Watermelon, Sangria, XL",30-40 CT,"36 BIN",Melons,Fruit
"Watermelon, Seedless",36 CT,"24 BIN",Melons,Fruit
"Watermelon, Seedless",45 CT,"24 BIN",Melons,Fruit
"Watermelon, Seedless",60 CT,"24 BIN",Melons,Fruit
"Watermelon, Seedless",EACH,EACH,Melons,Fruit
"Watermelon, Starbrite",EACH,EACH,Melons,Fruit
"Watermelon, Starbrite, XL",30-40 CT,"36 BIN",Melons,Fruit
"Watermelon, Sugar Doll",45 CT,"24 BIN",Melons,Fruit
"Watermelon, Sugar Doll",EACH,EACH,Melons,Fruit
"Watermelon, Yellow Meat",45 CT,"24 BIN",Melons,Fruit
"Watermelon, Yellow Meat",EACH,EACH,Melons,Fruit
"Pears, Asian",32-40 CT,CASE,Pears,Fruit
"Pears, Bartlett", 120 CT,CASE,Pears,Fruit
"Pears, Bartlett",100 CT,CASE,Pears,Fruit
"Pears, Bartlett",135 CT,CASE,Pears,Fruit
"Pears, Bartlett",80 CT,CASE,Pears,Fruit
"Pears, Bosc", 120 CT,CASE,Pears,Fruit
"Pears, Bosc",100 CT,CASE,Pears,Fruit
"Pears, Bosc",80 CT,CASE,Pears,Fruit
"Pears, Bosc, Organic",27 LB,CASE,Pears,Fruit
"Pears, Cactus",12 LB,CASE,Pears,Fruit
"Pears, Chinese Ya",80 CT,CASE,Pears,Fruit
"Pears, Comice",40 LB,CASE,Pears,Fruit
"Pears, Concorde",40 LB,CASE,Pears,Fruit
"Pears, D'Anjou",100 CT,CASE,Pears,Fruit
"Pears, D'Anjou",120 CT,CASE,Pears,Fruit
"Pears, D'Anjou",60 CT,CASE,Pears,Fruit
"Pears, D'Anjou",80 CT,CASE,Pears,Fruit
"Pears, D'Anjou, Organic",27 LB,CASE,Pears,Fruit
"Pears, Forelle",120 CT,CASE,Pears,Fruit
"Pears, Red",135 CT,CASE,Pears,Fruit
"Pears, Red",40 CT,CASE,Pears,Fruit
"Pears, Red, Organic",27 LB,CASE,Pears,Fruit
"Pears, Seckel",120 CT,CASE,Pears,Fruit
"Beefsteak Tomatoes, Hydroponic 16-18 CT",15 LB,CASE,Tomatoes,Fruit
Campanelle Tomatoes,10/1 LB,CASE,Tomatoes,Fruit
Cherokee Purple Tomatoes,25 LB,CASE,Tomatoes,Fruit
"Cherokee Purple Tomatoes, Bushel Basket",50 LB,CASE,Tomatoes,Fruit
Cherry Tomatoes,12/1 PINT,CASE,Tomatoes,Fruit
"Cherry Tomatoes, Organic",12/1 PINT,CASE,Tomatoes,Fruit
German Pink Tomatoes,25 LB,CASE,Tomatoes,Fruit
"German Pink Tomatoes, Bushel Basket",50 LB,CASE,Tomatoes,Fruit
Gourmet Melody Tomatoes,10/1 LB,CASE,Tomatoes,Fruit
Grape Tomatoes,12/1 PINT,CASE,Tomatoes,Fruit
"Grape Tomatoes, Organic",12/1 PINT,CASE,Tomatoes,Fruit
Green Tomatoes,25 LB,CASE,Tomatoes,Fruit
"Heirloom Tomatoes, Mixed",10 LB,CASE,Tomatoes,Fruit
Mr. Stripey Tomatoes,25 LB,CASE,Tomatoes,Fruit
"Mr. Stripey Tomatoes, Bushel Basket",50 LB,CASE,Tomatoes,Fruit
Packaged Tomatoes,12/3 PACK,CASE,Tomatoes,Fruit
Red Cocktail Tomatoes,8/12 OZ,CASE,Tomatoes,Fruit
Roma Tomatoes,25 LB,CASE,Tomatoes,Fruit
"Roma Tomatoes on Vine, Clamshell",9/1 LB,CASE,Tomatoes,Fruit
Tomatillos,40 LB,CASE,Tomatoes,Fruit
Tomatoes,POUNDS,POUND,Tomatoes,Fruit
"Tomatoes on Vine, Orange",22 LB,CASE,Tomatoes,Fruit
"Tomatoes on Vine, Red",22 LB,CASE,Tomatoes,Fruit
"Tomatoes on Vine, Yellow",22 LB,CASE,Tomatoes,Fruit
"Tomatoes, #2",25 LB,CASE,Tomatoes,Fruit
"Tomatoes, 4x4, 2 Layer",22 LB,CASE,Tomatoes,Fruit
"Tomatoes, 4x5, 2 Layer",22 LB,CASE,Tomatoes,Fruit
"Tomatoes, 5x5, 2 Layer",22 LB,CASE,Tomatoes,Fruit
"Tomatoes, 5x6",25 LB,CASE,Tomatoes,Fruit
"Tomatoes, 6x6",25 LB,CASE,Tomatoes,Fruit
"Tomatoes, Jumbo",25 LB,CASE,Tomatoes,Fruit
"Tomatoes, XL",25 LB,CASE,Tomatoes,Fruit
Yelllow Grape Tomatoes,12/1 PINT,CASE,Tomatoes,Fruit
Yellow Roma Tomatoes,25 LB,CASE,Tomatoes,Fruit
Apricots,18 LB,CASE,Tree Fruit,Fruit
"Cherries, Bing, Bagged",8/2.25 LB,CASE,Tree Fruit,Fruit
"Cherries, Rainier, Bagged",12/1.25 LB,CASE,Tree Fruit,Fruit
"Figs, Black Mission",12/8 OZ,CASE,Tree Fruit,Fruit
"Figs, Black String",24 CT,CASE,Tree Fruit,Fruit
"Figs, Brown Turkey",12/8 OZ,CASE,Tree Fruit,Fruit
"Figs, White String",24 CT,CASE,Tree Fruit,Fruit
"Nectarines, White, 2 Layer",22 LB,CASE,Tree Fruit,Fruit
"Nectarines, White, Basket, Eastern",25 LB,CASE,Tree Fruit,Fruit
"Nectarines, Yellow, 2 Layer",22 LB,CASE,Tree Fruit,Fruit
"Peaches, Doughnut",25 LB,CASE,Tree Fruit,Fruit
"Peaches, Indian",25 LB,CASE,Tree Fruit,Fruit
"Peaches, White, 2 Layer",22 LB,CASE,Tree Fruit,Fruit
"Peaches, White, Basket",25 LB,CASE,Tree Fruit,Fruit
"Peaches, Yellow, 2 Layer",22 LB,CASE,Tree Fruit,Fruit
"Peaches, Yellow, Basket",25 LB,CASE,Tree Fruit,Fruit
"Plums, Black, 2 Layer",22 LB,CASE,Tree Fruit,Fruit
"Plums, Red, 2 Layer",22 LB,CASE,Tree Fruit,Fruit
"Pluots, 2 Layer",22 LB,CASE,Tree Fruit,Fruit
Bananas,POUNDS,POUND,Tropical,Fruit
"Bananas, Bagged, 3 LB",40 LB,CASE,Tropical,Fruit
"Bananas, Breaking",40 LB,CASE,Tropical,Fruit
"Bananas, Green",40 LB,CASE,Tropical,Fruit
"Bananas, Organic",40 LB,CASE,Tropical,Fruit
"Bananas, Ripe",40 LB,CASE,Tropical,Fruit
Coconuts,40 LB,CASE,Tropical,Fruit
"Coconuts, Groovy",24 CT,CASE,Tropical,Fruit
"Coconuts, Young, Wrapped",9 CT,CASE,Tropical,Fruit
Guava,10 CT,CASE,Tropical,Fruit
"Kiwi, Bulk",22 LB,CASE,Tropical,Fruit
"Kiwi, Flat",36 CT,CASE,Tropical,Fruit
Mango,8-12 CT,CASE,Tropical,Fruit
"Mango, Champagne",12 CT,CASE,Tropical,Fruit
"Papaya, Golden",6 CT,CASE,Tropical,Fruit
"Papaya, Maradol",32 LB,CASE,Tropical,Fruit
Passion Fruit,30 CT,CASE,Tropical,Fruit
"Persimmons, Fuyu",15 LB,CASE,Tropical,Fruit
"Persimmons, Hachiya",18-22 CT,CASE,Tropical,Fruit
Pineapple,6-7 CT,CASE,Tropical,Fruit
"Pineapple, Crownless",6 CT,CASE,Tropical,Fruit
Plantains,50 LB,CASE,Tropical,Fruit
Pomegranate,28-32 CT,CASE,Tropical,Fruit
Quince,18 CT,CASE,Tropical,Fruit
Rhubarb,20 LB,CASE,Tropical,Fruit
Starfruit,12-20 CT,CASE,Tropical,Fruit
"Bone Suckin' Sauce, Big Chunk Salsa (Hot), 16 OZ",12 JARS,CASE,"Bone Suckin' Sauce BBQ",Jar Goods
"Bone Suckin' Sauce, Big Chunk Salsa (Mild), 16 OZ",12 JARS,CASE,"Bone Suckin' Sauce BBQ",Jar Goods
"Bone Suckin' Sauce, Habanero Hot Sauce, 5 OZ",12 JARS,CASE,"Bone Suckin' Sauce BBQ",Jar Goods
"Bone Suckin' Sauce, Hot (Think), 16 OZ",12 JARS,CASE,"Bone Suckin' Sauce BBQ",Jar Goods
"Bone Suckin' Sauce, Hot, 16 OZ",12 JARS,CASE,"Bone Suckin' Sauce BBQ",Jar Goods
"Bone Suckin' Sauce, Mustard (Hot), 16 OZ",12 JARS,CASE,"Bone Suckin' Sauce BBQ",Jar Goods
"Bone Suckin' Sauce, Mustard (Mild), 16 OZ",12 JARS,CASE,"Bone Suckin' Sauce BBQ",Jar Goods
"Bone Suckin' Sauce, Poultry Seasoning, 6 OZ",12 JARS,CASE,"Bone Suckin' Sauce BBQ",Jar Goods
"Bone Suckin' Sauce, Regular (Thick), 1/2 Gallon",6 JUGS,CASE,"Bone Suckin' Sauce BBQ",Jar Goods
"Bone Suckin' Sauce, Regular (Thick), 16 OZ",12 JARS,CASE,"Bone Suckin' Sauce BBQ",Jar Goods
"Bone Suckin' Sauce, Regular, 1 Gallon",4 JUGS,CASE,"Bone Suckin' Sauce BBQ",Jar Goods
"Bone Suckin' Sauce, Regular, 1/2 Gallon",6 JUGS,CASE,"Bone Suckin' Sauce BBQ",Jar Goods
"Bone Suckin' Sauce, Regular, 16 OZ",12 JARS,CASE,"Bone Suckin' Sauce BBQ",Jar Goods
"Bone Suckin' Sauce, Seasoning Rub (Hot), 6 OZ",12 JARS,CASE,"Bone Suckin' Sauce BBQ",Jar Goods
"Bone Suckin' Sauce, Seasoning Rub (Mild), 6 OZ",12 JARS,CASE,"Bone Suckin' Sauce BBQ",Jar Goods
"Bone Suckin' Sauce, Yaki Sauce, 13.25 OZ",12 JARS,CASE,"Bone Suckin' Sauce BBQ",Jar Goods
"Apple Butter, Pint, Dutch Kettle",12 JARS,CASE,"Dutch Kettle Jam",Jar Goods
"Apple Jam, Pint, Dutch Kettle",12 JARS,CASE,"Dutch Kettle Jam",Jar Goods
"Apricot Jam, Pint, Dutch Kettle",12 JARS,CASE,"Dutch Kettle Jam",Jar Goods
"Black Cherry Jam, Pint, Dutch Kettle",12 JARS,CASE,"Dutch Kettle Jam",Jar Goods
"Black Raspberry (Seedless) Jam, Pint, Dutch Kettle",12 JARS,CASE,"Dutch Kettle Jam",Jar Goods
"Black Raspberry (Sugar-Free) Jam, Pint, Dutch Kettle",12 JARS,CASE,"Dutch Kettle Jam",Jar Goods
"Black Raspberry Jam, Pint, Dutch Kettle",12 JARS,CASE,"Dutch Kettle Jam",Jar Goods
"Blackberry (Seedless) Jam, Pint, Dutch Kettle",12 JARS,CASE,"Dutch Kettle Jam",Jar Goods
"Blackberry (Seedless, Sugar-Free) Jam, Pint, Dutch Kettle",12 JARS,CASE,"Dutch Kettle Jam",Jar Goods
"Blackberry Jam (Sugar-Free), Pint, Dutch Kettle",12 JARS,CASE,"Dutch Kettle Jam",Jar Goods
"Blackberry Jam, Pint, Dutch Kettle",12 JARS,CASE,"Dutch Kettle Jam",Jar Goods
"Blueberry Jam, Pint, Dutch Kettle",12 JARS,CASE,"Dutch Kettle Jam",Jar Goods
"Boysenberry Jam, Pint, Dutch Kettle",12 JARS,CASE,"Dutch Kettle Jam",Jar Goods
"Cherry Jam, Pint, Dutch Kettle",12 JARS,CASE,"Dutch Kettle Jam",Jar Goods
"Cranberry Jam, Pint, Dutch Kettle",12 JARS,CASE,"Dutch Kettle Jam",Jar Goods
"Damson Plum Jam, Pint, Dutch Kettle",12 JARS,CASE,"Dutch Kettle Jam",Jar Goods
"Damson-Plum (Sugar-Free) Preserves, Pint, Dutch Kettle",12 JARS,CASE,"Dutch Kettle Jam",Jar Goods
"Elderberry Jelly, Pint, Dutch Kettle",12 JARS,CASE,"Dutch Kettle Jam",Jar Goods
"F.R.O.G. Jam, Pint, Dutch Kettle",12 JARS,CASE,"Dutch Kettle Jam",Jar Goods
"Fig Jam, Pint, Dutch Kettle",12 JARS,CASE,"Dutch Kettle Jam",Jar Goods
"Grape Jam, Pint, Dutch Kettle",12 JARS,CASE,"Dutch Kettle Jam",Jar Goods
"Hot Green Pepper Jelly, Pint, Dutch Kettle",12 JARS,CASE,"Dutch Kettle Jam",Jar Goods
"Hot Red Pepper Jelly, Pint, Dutch Kettle",12 JARS,CASE,"Dutch Kettle Jam",Jar Goods
"Huckleberry Jam, Pint, Dutch Kettle",12 JARS,CASE,"Dutch Kettle Jam",Jar Goods
"Muscadine Jelly, Pint, Dutch Kettle",12 JARS,CASE,"Dutch Kettle Jam",Jar Goods
"Orange Marmalade, Pint, Dutch Kettle",12 JARS,CASE,"Dutch Kettle Jam",Jar Goods
"Peach Butter, Pint, Dutch Kettle",12 JARS,CASE,"Dutch Kettle Jam",Jar Goods
"Peach Jam, Pint, Dutch Kettle",12 JARS,CASE,"Dutch Kettle Jam",Jar Goods
"Pear Butter, Pint, Dutch Kettle",12 JARS,CASE,"Dutch Kettle Jam",Jar Goods
"Pear Jam, Pint, Dutch Kettle",12 JARS,CASE,"Dutch Kettle Jam",Jar Goods
"Pineapple (Sugar-Free) Preserves, Pint, Dutch Kettle",12 JARS,CASE,"Dutch Kettle Jam",Jar Goods
"Pineapple Jam, Pint, Dutch Kettle",12 JARS,CASE,"Dutch Kettle Jam",Jar Goods
"Pumpkin Butter, Pint, Dutch Kettle",12 JARS,CASE,"Dutch Kettle Jam",Jar Goods
"Red Raspberry (Seedless) Jam, Pint, Dutch Kettle",12 JARS,CASE,"Dutch Kettle Jam",Jar Goods
"Red Raspberry Jam, Pint, Dutch Kettle",12 JARS,CASE,"Dutch Kettle Jam",Jar Goods
"Smoky Mountain BBQ Sauce, Pint, Dutch Kettle",12 JARS,CASE,"Dutch Kettle Jam",Jar Goods
"Strawberry (Seedless) Jam, Pint, Dutch Kettle",12 JARS,CASE,"Dutch Kettle Jam",Jar Goods
"Strawberry Jam, Pint, Dutch Kettle",12 JARS,CASE,"Dutch Kettle Jam",Jar Goods
"Strawberry Rhubarb Jam, Pint, Dutch Kettle",12 JARS,CASE,"Dutch Kettle Jam",Jar Goods
"Sweet Potato Butter, Pint, Dutch Kettle",12 JARS,CASE,"Dutch Kettle Jam",Jar Goods
"T.O.E. Jam, Pint, Dutch Kettle",12 JARS,CASE,"Dutch Kettle Jam",Jar Goods
"Traffic Jam, Pint, Dutch Kettle",12 JARS,CASE,"Dutch Kettle Jam",Jar Goods
"Alfalfa Honey, 16 OZ, Gunter's",12 JARS,CASE,"Gunter's Honey",Jar Goods
"Avocado Honey, 16 OZ, Gunter's",12 JARS,CASE,"Gunter's Honey",Jar Goods
"Blueberry Honey, 16 OZ, Gunter's",12 JARS,CASE,"Gunter's Honey",Jar Goods
"Buckwheat Honey, 16 OZ, Gunter's",12 JARS,CASE,"Gunter's Honey",Jar Goods
"Clover Honey, 5 Gallon Bucket, Gunter's",EACH,EACH,"Gunter's Honey",Jar Goods
"Clover Honey, Bears, 12 OZ, Gunter's",12 JARS,CASE,"Gunter's Honey",Jar Goods
"Clover Honey, Salt & Pepper Shakers, 6 OZ, Gunter's",24 JARS,CASE,"Gunter's Honey",Jar Goods
"Clover Honey, Strained, 5 LB Jug, Gunter's",6 JARS,CASE,"Gunter's Honey",Jar Goods
"Clover Honey, Strained, Pint, Gunter's",12 JARS,CASE,"Gunter's Honey",Jar Goods
"Clover Honey, Strained, Quart, Gunter's",12 JARS,CASE,"Gunter's Honey",Jar Goods
"Creamed Honey, 16 OZ, Gunter's",12 JARS,CASE,"Gunter's Honey",Jar Goods
"Golden Honey, 16 OZ, Gunter's",12 JARS,CASE,"Gunter's Honey",Jar Goods
"Orange Blossom Honey, 16 OZ, Gunter's",12 JARS,CASE,"Gunter's Honey",Jar Goods
"Sage Honey, 16 OZ, Gunter's",12 JARS,CASE,"Gunter's Honey",Jar Goods
"Sourwood Honey, 16 OZ, Gunter's",12 JARS,CASE,"Gunter's Honey",Jar Goods
"Starthistle Honey, 16 OZ, Gunter's",12 JARS,CASE,"Gunter's Honey",Jar Goods
"Tupelo Honey, 16 OZ, Gunter's",12 JARS,CASE,"Gunter's Honey",Jar Goods
"Wildflower Honey, 16 OZ, Gunter's",12 JARS,CASE,"Gunter's Honey",Jar Goods
"Apple Relish, Pint, Hiatt's",12 JARS,CASE,"Hiatt's",Jar Goods
"Bread & Butter Pickles, Pint, Hiatt's",12 JARS,CASE,"Hiatt's",Jar Goods
"Chow Chow (Hot), Pint, Hiatt's",12 JARS,CASE,"Hiatt's",Jar Goods
"Chow Chow (Jalepeno), Pint, Hiatt's",12 JARS,CASE,"Hiatt's",Jar Goods
"Chow Chow (Mild), Pint, Hiatt's",12 JARS,CASE,"Hiatt's",Jar Goods
"Corn Relish, Pint, Hiatt's",12 JARS,CASE,"Hiatt's",Jar Goods
"Dill Pickles, Pint, Hiatt's",12 JARS,CASE,"Hiatt's",Jar Goods
"Grape Leaf Pickles, Pint, Hiatt's",12 JARS,CASE,"Hiatt's",Jar Goods
"Green Tomato Pickles (Hot), Pint, Hiatt's",12 JARS,CASE,"Hiatt's",Jar Goods
"Green Tomato Pickles, Pint, Hiatt's",12 JARS,CASE,"Hiatt's",Jar Goods
"Pepper Relish (Hot), Pint, Hiatt's",12 JARS,CASE,"Hiatt's",Jar Goods
"Pepper Relish (Sweet), Pint, Hiatt's",12 JARS,CASE,"Hiatt's",Jar Goods
"Pickled Beets (Sliced), Pint, Hiatt's",12 JARS,CASE,"Hiatt's",Jar Goods
"Pickled Beets (Whole), Pint, Hiatt's",12 JARS,CASE,"Hiatt's",Jar Goods
"Pickled Cayenne Peppers, Pint, Hiatt's",12 JARS,CASE,"Hiatt's",Jar Goods
"Pickled Eggs (Hot), Pint, Hiatt's",12 JARS,CASE,"Hiatt's",Jar Goods
"Pickled Eggs (Jalepeno), Pint, Hiatt's",12 JARS,CASE,"Hiatt's",Jar Goods
"Pickled Eggs (Mild), Pint, Hiatt's",12 JARS,CASE,"Hiatt's",Jar Goods
"Pickled Jalepenos, Pint, Hiatt's",12 JARS,CASE,"Hiatt's",Jar Goods
"Pickled Okra (Hot), Pint, Hiatt's",12 JARS,CASE,"Hiatt's",Jar Goods
"Pickled Okra, Pint, Hiatt's",12 JARS,CASE,"Hiatt's",Jar Goods
"Pickled Squash, Pint, Hiatt's",12 JARS,CASE,"Hiatt's",Jar Goods
"Stuffed Jalepenos, Pint, Hiatt's",12 JARS,CASE,"Hiatt's",Jar Goods
"Stuffed Peppers, Pint, Hiatt's",12 JARS,CASE,"Hiatt's",Jar Goods
"Vidalia Onion Pickles, Pint, Hiatt's",12 JARS,CASE,"Hiatt's",Jar Goods
"Vidalia Onion Relish, Pint, Hiatt's",12 JARS,CASE,"Hiatt's",Jar Goods
"Apple Butter BBQ Sauce, Pint, Jake & Amos",12 JARS,CASE,"Jake & Amos",Jar Goods
"Baby Beets (Sweet), Pint, Jake & Amos",12 JARS,CASE,"Jake & Amos",Jar Goods
"Baby Beets (Sweet), Quart, Jake & Amos",12 JARS,CASE,"Jake & Amos",Jar Goods
"Baby Corn (Dill), Quart, Jake & Amos",12 JARS,CASE,"Jake & Amos",Jar Goods
"Baby Corn (Sweet), Pint, Jake & Amos",12 JARS,CASE,"Jake & Amos",Jar Goods
"Baby Corn (Sweet), Quart, Jake & Amos",12 JARS,CASE,"Jake & Amos",Jar Goods
"Bread & Butter Pickle Chips (Hot), Quart, Jake & Amos",12 JARS,CASE,"Jake & Amos",Jar Goods
"Bread & Butter Pickle Chips (Mild), Quart, Jake & Amos",12 JARS,CASE,"Jake & Amos",Jar Goods
"Brussel Sprouts (Dill), Quart, Jake & Amos",12 JARS,CASE,"Jake & Amos",Jar Goods
"Brussel Sprouts (Sweet), Quart, Jake & Amos",12 JARS,CASE,"Jake & Amos",Jar Goods
"Cauliflower (Hot), Quart, Jake & Amos",12 JARS,CASE,"Jake & Amos",Jar Goods
"Cauliflower (Sweet), Quart, Jake & Amos",12 JARS,CASE,"Jake & Amos",Jar Goods
"Chow Chow (Hot), Quart, Jake & Amos",12 JARS,CASE,"Jake & Amos",Jar Goods
"Chow Chow (Sweet), Quart, Jake & Amos",12 JARS,CASE,"Jake & Amos",Jar Goods
"Corn Relish, Quart, Jake & Amos",12 JARS,CASE,"Jake & Amos",Jar Goods
"Corn Salsa, Quart, Jake & Amos",12 JARS,CASE,"Jake & Amos",Jar Goods
"Dill Garlic Pickle Chips (Hot), Quart, Jake & Amos",12 JARS,CASE,"Jake & Amos",Jar Goods
"Dill Garlic Pickle Chips (Mild), Quart, Jake & Amos",12 JARS,CASE,"Jake & Amos",Jar Goods
"Eggs, Jalepeno, Quart, Jake & Amos",12 JARS,CASE,"Jake & Amos",Jar Goods
"Eggs, Mild, Quart, Jake & Amos",12 JARS,CASE,"Jake & Amos",Jar Goods
"Eggs, Red Beet, Quart, Jake & Amos",12 JARS,CASE,"Jake & Amos",Jar Goods
"Four Bean Salad, Quart, Jake & Amos",12 JARS,CASE,"Jake & Amos",Jar Goods
"Garden Salad, Quart, Jake & Amos",12 JARS,CASE,"Jake & Amos",Jar Goods
"Garlic Mushrooms (Hot), Quart, Jake & Amos",12 JARS,CASE,"Jake & Amos",Jar Goods
"Green Tomatoes (Hot), Quart, Jake & Amos",12 JARS,CASE,"Jake & Amos",Jar Goods
"Green Tomatoes (Mild), Quart, Jake & Amos",12 JARS,CASE,"Jake & Amos",Jar Goods
"Green Tomatoes, Pint, Jake & Amos",12 JARS,CASE,"Jake & Amos",Jar Goods
"Harvard Beets, Quart, Jake & Amos",12 JARS,CASE,"Jake & Amos",Jar Goods
"Harvest Salad, Quart, Jake & Amos",12 JARS,CASE,"Jake & Amos",Jar Goods
"Jalepeno Peppers (Sliced), Quart, Jake & Amos",12 JARS,CASE,"Jake & Amos",Jar Goods
"Marinated Mushroom Salad, Quart, Jake & Amos",12 JARS,CASE,"Jake & Amos",Jar Goods
"Marinated Mushrooms, Quart, Jake & Amos",12 JARS,CASE,"Jake & Amos",Jar Goods
"Midget Pickles (Sweet), Quart, Jake & Amos",12 JARS,CASE,"Jake & Amos",Jar Goods
"Okra, Quart, Jake & Amos",12 JARS,CASE,"Jake & Amos",Jar Goods
"Peaches (Sliced), Quart, Jake & Amos",12 JARS,CASE,"Jake & Amos",Jar Goods
"Peaches (Whole), Quart, Jake & Amos",12 JARS,CASE,"Jake & Amos",Jar Goods
"Pears, Quart, Jake & Amos",12 JARS,CASE,"Jake & Amos",Jar Goods
"Pepper Cabbage, Pint, Jake & Amos",12 JARS,CASE,"Jake & Amos",Jar Goods
"Pepper Relish (Sweet & Hot), Quart, Jake & Amos",12 JARS,CASE,"Jake & Amos",Jar Goods
"Pepper Strips, Pint, Jake & Amos",12 JARS,CASE,"Jake & Amos",Jar Goods
"Pepper strips, Quart, Jake & Amos",12 JARS,CASE,"Jake & Amos",Jar Goods
"Pepperoncini Peppers, Quart, Jake & Amos",12 JARS,CASE,"Jake & Amos",Jar Goods
"Roasted Peppers, Quart, Jake & Amos",12 JARS,CASE,"Jake & Amos",Jar Goods
"Salsa (Hot), Pint, Jake & Amos",12 JARS,CASE,"Jake & Amos",Jar Goods
"Salsa (Hot), Quart, Jake & Amos",12 JARS,CASE,"Jake & Amos",Jar Goods
"Salsa (Medium), Pint, Jake & Amos",12 JARS,CASE,"Jake & Amos",Jar Goods
"Salsa (Medium), Quart, Jake & Amos",12 JARS,CASE,"Jake & Amos",Jar Goods
"Sauerkraut, Pint, Jake & Amos",12 JARS,CASE,"Jake & Amos",Jar Goods
"Sauerkraut, Quart, Jake & Amos",12 JARS,CASE,"Jake & Amos",Jar Goods
"Spiced Apple Rings, 14.5 OZ, Jake & Amos",12 JARS,CASE,"Jake & Amos",Jar Goods
"Spicy Dilly Beans, Quart, Jake & Amos",12 JARS,CASE,"Jake & Amos",Jar Goods
"Sweet Garden Salad, Quart, Jake & Amos",12 JARS,CASE,"Jake & Amos",Jar Goods
"Watermelon Rind (Sweet), Pint, Jake & Amos",12 JARS,CASE,"Jake & Amos",Jar Goods
"Watermelon Rind (Sweet), Quart, Jake & Amos",12 JARS,CASE,"Jake & Amos",Jar Goods
"Apple Cider, 1 Gallon, Murray's",4 JUGS,CASE,"Murray's Cider",Jar Goods
"Apple Cider, 1/2 Gallon, Murray's",6 JUGS,CASE,"Murray's Cider",Jar Goods
"Cherry Cider, 1 Gallon, Murray's",4 JUGS,CASE,"Murray's Cider",Jar Goods
"Cherry Cider, 1/2 Gallon, Murray's",6 JUGS,CASE,"Murray's Cider",Jar Goods
"#1 BBQ Sauce, 16 OZ, Vidalia Valley",12 JARS,CASE,"Vidalia Valley",Jar Goods
"Apple Cider Vinaigrette, 16 OZ, Vidalia Valley",12 JARS,CASE,"Vidalia Valley",Jar Goods
"Bloomin' Onion Sauce, 16 OZ, Vidalia Valley",12 JARS,CASE,"Vidalia Valley",Jar Goods
"Chow Chow, 16 OZ, Vidalia Valley",12 JARS,CASE,"Vidalia Valley",Jar Goods
"Creamy Vinaigrette, 16 OZ, Vidalia Valley",12 JARS,CASE,"Vidalia Valley",Jar Goods
"Cucumber Dill Salad Dressing, 16 OZ, Vidalia Valley",12 JARS,CASE,"Vidalia Valley",Jar Goods
"Golden Peach Salsa, 16 OZ, Vidalia Valley",12 JARS,CASE,"Vidalia Valley",Jar Goods
"Grillin' Sauce, 16 OZ, Vidalia Valley",12 JARS,CASE,"Vidalia Valley",Jar Goods
"Hickory BBQ Sauce, 16 OZ, Vidalia Valley",12 JARS,CASE,"Vidalia Valley",Jar Goods
"Honey Mustard Salad Dressing, 16 OZ, Vidalia Valley",12 JARS,CASE,"Vidalia Valley",Jar Goods
"Mustard Relish, 16 OZ, Vidalia Valley",12 JARS,CASE,"Vidalia Valley",Jar Goods
"Onion & Pepper Relish, 16 OZ, Vidalia Valley",12 JARS,CASE,"Vidalia Valley",Jar Goods
"Raspberry Vinaigrette, 16 OZ, Vidalia Valley",12 JARS,CASE,"Vidalia Valley",Jar Goods
"Red Peach Salsa, 16 OZ, Vidalia Valley",12 JARS,CASE,"Vidalia Valley",Jar Goods
"Southern Mild Salsa, 16 OZ, Vidalia Valley",12 JARS,CASE,"Vidalia Valley",Jar Goods
"Steak Sauce, 16 OZ, Vidalia Valley",12 JARS,CASE,"Vidalia Valley",Jar Goods
"Summer Tomato Salad Dressing, 16 OZ, Vidalia Valley",12 JARS,CASE,"Vidalia Valley",Jar Goods
"Sweet Relish, 16 OZ, Vidalia Valley",12 JARS,CASE,"Vidalia Valley",Jar Goods
"Tomato Basil Salad Dressing, 16 OZ, Vidalia Valley",12 JARS,CASE,"Vidalia Valley",Jar Goods
"Apple (Sugar-Free) Preserves, Pint, WG White",12 JARS,CASE,"WG White Preserves",Jar Goods
"Apple Butter (Sugar-Free), Pint, WG White",12 JARS,CASE,"WG White Preserves",Jar Goods
"Apple Butter, Honey Sweet, Pint, WG White",12 JARS,CASE,"WG White Preserves",Jar Goods
"Apple Butter, Pint, WG White",12 JARS,CASE,"WG White Preserves",Jar Goods
"Apple Butter, Quart, WG White",12 JARS,CASE,"WG White Preserves",Jar Goods
"Apple Jelly, Pint, WG White",12 JARS,CASE,"WG White Preserves",Jar Goods
"Apple Preserves, Pint, WG White",12 JARS,CASE,"WG White Preserves",Jar Goods
"Apple Sauce, Pint, WG White",12 JARS,CASE,"WG White Preserves",Jar Goods
"Apricot (Sugar-Free) Preserves, WG White",12 JARS,CASE,"WG White Preserves",Jar Goods
"Apricot Preserves, Pint, WG White",12 JARS,CASE,"WG White Preserves",Jar Goods
"Black Raspberry (Sugar-Free) Preserves, Pint, WG White",12 JARS,CASE,"WG White Preserves",Jar Goods
"Black Raspberry Preserves, Pint, WG White",12 JARS,CASE,"WG White Preserves",Jar Goods
"Blackberry (Sugar-Free) Preserves, Pint, WG White",12 JARS,CASE,"WG White Preserves",Jar Goods
"Blackberry Jelly, Pint, WG White",12 JARS,CASE,"WG White Preserves",Jar Goods
"Blackberry Preserves, Pint, WG White",12 JARS,CASE,"WG White Preserves",Jar Goods
"Blueberry (Sugar-Free) Preserves, Pint, WG White",12 JARS,CASE,"WG White Preserves",Jar Goods
"Blueberry Preserves, Pint, WG White",12 JARS,CASE,"WG White Preserves",Jar Goods
"Cherry (Sugar-Free) Preserves, Pint, WG White",12 JARS,CASE,"WG White Preserves",Jar Goods
"Cherry Butter, Pint, WG White",12 JARS,CASE,"WG White Preserves",Jar Goods
"Cherry Preserves, Pint, WG White",12 JARS,CASE,"WG White Preserves",Jar Goods
"Currant Jelly, Pint, WG White",12 JARS,CASE,"WG White Preserves",Jar Goods
"Damson-Plum (Sugar-Free) Preserves, Pint, WG White",12 JARS,CASE,"WG White Preserves",Jar Goods
"Damson-Plum Preserves, Pint, WG White",12 JARS,CASE,"WG White Preserves",Jar Goods
"Elderberry Jelly, Pint, WG White",12 JARS,CASE,"WG White Preserves",Jar Goods
"Fig Preserves, Pint, WG White",12 JARS,CASE,"WG White Preserves",Jar Goods
"Grape (Sugar-Free) Jelly, Pint, WG White",12 JARS,CASE,"WG White Preserves",Jar Goods
"Grape Jelly, Pint, WG White",12 JARS,CASE,"WG White Preserves",Jar Goods
"Hot Pepper Jelly, Pint, WG White",12 JARS,CASE,"WG White Preserves",Jar Goods
"Mint Jelly, Pint, WG White",12 JARS,CASE,"WG White Preserves",Jar Goods
"Orange Marmalade (Sugar-Free), Pint, WG White",12 JARS,CASE,"WG White Preserves",Jar Goods
"Orange Marmalade, Pint, WG White",12 JARS,CASE,"WG White Preserves",Jar Goods
"Peach (Sugar-Free) Preserves, Pint, WG White",12 JARS,CASE,"WG White Preserves",Jar Goods
"Peach Butter, Pint, WG White",12 JARS,CASE,"WG White Preserves",Jar Goods
"Peach Preserves, Pint, WG White",12 JARS,CASE,"WG White Preserves",Jar Goods
"Pear Butter (Sugar-Free), Pint, WG White",12 JARS,CASE,"WG White Preserves",Jar Goods
"Pear Butter, Pint, WG White",12 JARS,CASE,"WG White Preserves",Jar Goods
"Pear Preserves, Pint, WG White",12 JARS,CASE,"WG White Preserves",Jar Goods
"Pineapple Preserves, Pint, WG White",12 JARS,CASE,"WG White Preserves",Jar Goods
"Pumpkin Butter (Sugar-Free), Pint, WG White",12 JARS,CASE,"WG White Preserves",Jar Goods
"Pumpkin Butter, Pint, WG White",12 JARS,CASE,"WG White Preserves",Jar Goods
"Quince Jelly, Pint, WG White",12 JARS,CASE,"WG White Preserves",Jar Goods
"Red Raspberry (Sugar-Free) Preserves, Pint, WG White",12 JARS,CASE,"WG White Preserves",Jar Goods
"Red Raspberry Preserves, Pint, WG White",12 JARS,CASE,"WG White Preserves",Jar Goods
"Strawberry (Sugar-Free) Preserves, Pint, WG White",12 JARS,CASE,"WG White Preserves",Jar Goods
"Strawberry Preserves, Pint, WG White",12 JARS,CASE,"WG White Preserves",Jar Goods
"Strawberry Rhubarb Jam, Pint, WG White",12 JARS,CASE,"WG White Preserves",Jar Goods
"Sweet Potato Butter, Pint, WG White",12 JARS,CASE,"WG White Preserves",Jar Goods
"Black Strap Molasses, Pint",12 JARS,CASE,Molasses,Jar Goods
"Molasses, Dutch Kettle, Pint",12 JARS,CASE,Molasses,Jar Goods
"Molasses, Dutch Kettle, Quart",12 JARS,CASE,Molasses,Jar Goods
"Molasses, Allen County Kentucky, Pint",12 JARS,CASE,Molasses,Jar Goods
"Molasses, Allen County Kentucky, Quart",12 JARS,CASE,Molasses,Jar Goods
"Corn Cob Jelly, 10 OZ",12 JARS,CASE,Other,Jar Goods
"Corn Cob Jelly, 5 OZ",24 JARS,CASE,Other,Jar Goods
"Fox Grape Jelly, 5 OZ",24 JARS,CASE,Other,Jar Goods
"Moonshine Jelly, 10 OZ",12 JARS,CASE,Other,Jar Goods
"Moonshine Jelly, 5 OZ",24 JARS,CASE,Other,Jar Goods
"Muscadine Jelly, 5 OZ",24 JARS,CASE,Other,Jar Goods
"Pickled Peaches, Pint, Spring Valley",12 JARS,CASE,Other,Jar Goods
"Pickled Peaches, Quart, Spring Valley",12 JARS,CASE,Other,Jar Goods
"Salt Pickles, Quart, Spring Valley",12 JARS,CASE,Other,Jar Goods
"Scuppernong Jelly, 5 OZ",24 JARS,CASE,Other,Jar Goods
"Cheese, Red Wax, Packaged, Alexander's",POUNDS,CASE,"Alexander's Brand",Meats & Cheeses
"Country Ham Bits, Alexander's",POUNDS,CASE,"Alexander's Brand",Meats & Cheeses
"Country Ham, Biscuit Slice, Alexander's",POUNDS,CASE,"Alexander's Brand",Meats & Cheeses
"Country Ham, Center & End, 20 CT, Alexander's",POUNDS,CASE,"Alexander's Brand",Meats & Cheeses
"Country Ham, Center Cut, Bone-In, Alexander's",POUNDS,CASE,"Alexander's Brand",Meats & Cheeses
"Country Ham, Center Cut, Bone-Out, Alexander's",POUNDS,CASE,"Alexander's Brand",Meats & Cheeses
"Country Ham, Thick Center Cut, Bone-Out, Alexander's",POUNDS,CASE,"Alexander's Brand",Meats & Cheeses
"Ham Hocks, Whole, Alexander's",POUNDS,CASE,"Alexander's Brand",Meats & Cheeses
"Sidemeat, Big Chunk, Alexander's",POUNDS,CASE,"Alexander's Brand",Meats & Cheeses
"Sidemeat, Big Slab, Alexander's",POUNDS,CASE,"Alexander's Brand",Meats & Cheeses
"Sidemeat, Sliced, Alexander's",POUNDS,CASE,"Alexander's Brand",Meats & Cheeses
"Sidemeat, Small Chunk, Alexander's",POUNDS,CASE,"Alexander's Brand",Meats & Cheeses
"Cheese, Black Wax, Packaged, Foothills",POUNDS,CASE,"Foothills Brand",Meats & Cheeses
"Cheese, Clear Wax, Packaged, Foothills",POUNDS,CASE,"Foothills Brand",Meats & Cheeses
"Cheese, Red Wax, Packaged, Foothills",POUNDS,CASE,"Foothills Brand",Meats & Cheeses
"Country Butter, 1 LB Roll, Foothills",POUNDS,CASE,"Foothills Brand",Meats & Cheeses
"Country Butter, 2 LB Roll, Foothills",POUNDS,CASE,"Foothills Brand",Meats & Cheeses
"Country Butter, Packaged, Foothills",POUNDS,CASE,"Foothills Brand",Meats & Cheeses
"Country Ham, Biscuit Slice, Foothills",POUNDS,CASE,"Foothills Brand",Meats & Cheeses
"Country Ham, Center & End, Bone-In, Foothills",POUNDS,CASE,"Foothills Brand",Meats & Cheeses
"Country Ham, Seasoning Chunks, Foothills",POUNDS,CASE,"Foothills Brand",Meats & Cheeses
"Ham Hocks, Sliced, Foothills",POUNDS,CASE,"Foothills Brand",Meats & Cheeses
"Ham Hocks, Whole, Foothills",POUNDS,CASE,"Foothills Brand",Meats & Cheeses
"Hog Jowls, Sliced, Foothills",POUNDS,CASE,"Foothills Brand",Meats & Cheeses
"Cheese, American, WG White",5 LB,CASE,"WG White Brand",Meats & Cheeses
"Cheese, Black Wax, 20-22 LB Hoop, WG White",POUNDS,CASE,"WG White Brand",Meats & Cheeses
"Cheese, Black Wax, Packaged, WG White",POUNDS,CASE,"WG White Brand",Meats & Cheeses
"Cheese, Clear Wax, 20-22 LB Hoop, WG White",POUNDS,CASE,"WG White Brand",Meats & Cheeses
"Cheese, Jalepeno, WG White",5 LB,CASE,"WG White Brand",Meats & Cheeses
"Cheese, Red Wax, 20-22 LB Hoop, WG White",POUNDS,CASE,"WG White Brand",Meats & Cheeses
"Cheese, Red Wax, Packaged, WG White",POUNDS,CASE,"WG White Brand",Meats & Cheeses
"Country Ham, Biscuit Slice, WG White",POUNDS,CASE,"WG White Brand",Meats & Cheeses
"Country Ham, Center & End, WG White",POUNDS,CASE,"WG White Brand",Meats & Cheeses
"Country Ham, Center Cut, Bone-In, WG White",POUNDS,CASE,"WG White Brand",Meats & Cheeses
"Country Ham, Center Cut, Bone-Out, WG White",POUNDS,CASE,"WG White Brand",Meats & Cheeses
"Country Ham, Whole, WG White",POUNDS,CASE,"WG White Brand",Meats & Cheeses
"Fat Back, Chunk, WG White",POUNDS,CASE,"WG White Brand",Meats & Cheeses
"Fat Back, Sliced, WG White",POUNDS,CASE,"WG White Brand",Meats & Cheeses
"Fatback, Big Slab, WG White",POUNDS,CASE,"WG White Brand",Meats & Cheeses
"Hog Jowls, Chunk, WG White",POUNDS,CASE,"WG White Brand",Meats & Cheeses
"Hog Jowls, Sliced, WG White",POUNDS,CASE,"WG White Brand",Meats & Cheeses
"Sidemeat, Big Slab, WG White",POUNDS,CASE,"WG White Brand",Meats & Cheeses
"Sidemeat, Chunk, WG White",POUNDS,CASE,"WG White Brand",Meats & Cheeses
"Sidemeat, Sliced, WG White",POUNDS,CASE,"WG White Brand",Meats & Cheeses
Almonds,50 LB,CASE,,Nuts
Black Walnuts,5 LB,CASE,,Nuts
Brazil Nuts,50 LB,CASE,,Nuts
"Cashews, Salted & Roasted",15 LB,CASE,,Nuts
"Chestnuts, Organic",25 LB,CASE,,Nuts
Green Peanuts,30 LB,CASE,,Nuts
"Hazelnuts Filberts",50 LB,CASE,,Nuts
"Mixed Nuts, 1 LB Bag",24 CT,CASE,,Nuts
"Mixed Nuts, Bulk",50 LB,CASE,,Nuts
"Peanuts, Cajun, 10 OZ Bag",18 CT,CASE,,Nuts
"Peanuts, Raw, 2 LB Bag",20 CT,CASE,,Nuts
"Peanuts, Raw, Bulk",25 LB,CASE,,Nuts
"Peanuts, Raw, Bulk",50 LB,CASE,,Nuts
"Peanuts, Roasted, 10 OZ Bag",30 CT,CASE,,Nuts
"Peanuts, Roasted, Bulk",25 LB,CASE,,Nuts
"Peanuts, Salted & Roasted, 10 OZ Bag",30 CT,CASE,,Nuts
"Peanuts, Salted & Roasted, Bulk",25 LB,CASE,,Nuts
"Pecans, Desirable",50 LB,CASE,,Nuts
"Pecans, Stuart",50 LB,CASE,,Nuts
"Pine Nuts, 3 OZ",12 CT,CASE,,Nuts
"Walnuts, 1 LB Bag",24 CT,CASE,,Nuts
"Walnuts, Jumbo",50 LB,CASE,,Nuts
"T-Shirt Bags, 1/6, 11.5 x 6.5 x 20",1000 CT,CASE,Bags,Product Packaging Supplies
"T-Shirt Bags, 12 LB, 8 x 4 x 16",500 CT,CASE,Bags,Product Packaging Supplies
"T-Shirt Bags, 20 LB, 10 x 5 x 19",500 CT,CASE,Bags,Product Packaging Supplies
"Apple Bags, 1 Peck, Paper",500 CT,CASE,Bags,Product Packaging Supplies
"Apple Bags, 1 Peck, Plastic",500 CT,CASE,Bags,Product Packaging Supplies
"Apple Bags, 1/2 Bushel , Paper",250 CT,CASE,Bags,Product Packaging Supplies
"Apple Bags, 1/2 Bushel, Plastic",500 CT,CASE,Bags,Product Packaging Supplies
"Apple Bags, 1/2 Peck, Paper",500 CT,CASE,Bags,Product Packaging Supplies
"Apple Bags, 1/2 Peck, Plastic",1000 CT,CASE,Bags,Product Packaging Supplies
"Brown Paper Bags, 10 LB",500 CT,CASE,Bags,Product Packaging Supplies
"Brown Paper Bags, 12 LB",500 CT,CASE,Bags,Product Packaging Supplies
"Brown Paper Bags, 4 LB",500 CT,CASE,Bags,Product Packaging Supplies
"Brown Paper Bags, 6 LB",500 CT,CASE,Bags,Product Packaging Supplies
"Brown Paper Bags, 8 LB",500 CT,CASE,Bags,Product Packaging Supplies
"Cabbage Bags, 50 LB",1000 CT,CASE,Bags,Product Packaging Supplies
"Candy Bags, 4 x 2 x 12",1000 CT,CASE,Bags,Product Packaging Supplies
Celery Bags,1000 CT,CASE,Bags,Product Packaging Supplies
Lettuce Bags,1000 CT,CASE,Bags,Product Packaging Supplies
"Onion Bags, 10 LB",EACH,CASE,Bags,Product Packaging Supplies
"Onion Bags, 25 LB",EACH,CASE,Bags,Product Packaging Supplies
"Onion Bags, 3 LB",1000 CT,CASE,Bags,Product Packaging Supplies
"Onion Bags, 50 LB",EACH,CASE,Bags,Product Packaging Supplies
"Peach Bags, 1/2 Peck, Paper",500 CT,CASE,Bags,Product Packaging Supplies
"Peach Bags, 1/4 Peck, Paper",500 CT,CASE,Bags,Product Packaging Supplies
"Poly Bags, 12 x 8 x 20",500 CT,CASE,Bags,Product Packaging Supplies
"Poly Bags, 12 x 8 x 24",500 CT,CASE,Bags,Product Packaging Supplies
"Potato Bags, 10 LB",1000 CT,CASE,Bags,Product Packaging Supplies
"Potato Bags, 20 LB",EACH,CASE,Bags,Product Packaging Supplies
"Potato Bags, 5 LB",1000 CT,CASE,Bags,Product Packaging Supplies
"Potato Bags, 50 LB",EACH,CASE,Bags,Product Packaging Supplies
"Roll Bags, 10 x 15",4/1400 CT,CASE,Bags,Product Packaging Supplies
"Roll Bags, 12 x 20",4/875 CT,CASE,Bags,Product Packaging Supplies
"Seal-Top Bags, 4 x 6",1000 CT,CASE,Bags,Product Packaging Supplies
"Seal-Top Bags, 5 x 8",1000 CT,CASE,Bags,Product Packaging Supplies
"Seal-Top Bags, 6 x 6",1000 CT,CASE,Bags,Product Packaging Supplies
Twist Ties,1000 CT,CASE,Bags,Product Packaging Supplies
"Vegetable Bags, 1/2 Peck, Paper",500 CT,CASE,Bags,Product Packaging Supplies
"Vegetable Bags, 1/2 Peck, Paper",500 CT,CASE,Bags,Product Packaging Supplies
"Vexar Bags, 3 LB",250 CT,CASE,Bags,Product Packaging Supplies
"Vexar Bags, 5 LB",250 CT,CASE,Bags,Product Packaging Supplies
"Bamboo Bowls, Round 10",EACH,EACH,Baskets,Product Packaging Supplies
"Bamboo Bowls, Round, 12",EACH,EACH,Baskets,Product Packaging Supplies
"Basket Covers, 1 Bushel",EACH,EACH,Baskets,Product Packaging Supplies
"Basket Covers, 1/2 Bushel",EACH,EACH,Baskets,Product Packaging Supplies
"Baskets, 1 Bushel, Natural",EACH,EACH,Baskets,Product Packaging Supplies
"Baskets, 1 Peck, Natural",EACH,EACH,Baskets,Product Packaging Supplies
"Baskets, 1 Peck, Red & Green",EACH,EACH,Baskets,Product Packaging Supplies
"Baskets, 1/2 Bushel Display, Natural",EACH,EACH,Baskets,Product Packaging Supplies
"Baskets, 1/2 Bushel, Natural",EACH,EACH,Baskets,Product Packaging Supplies
"Baskets, 1/2 Peck, Red & Green",EACH,EACH,Baskets,Product Packaging Supplies
"Baskets, 16 Quart, Green",EACH,EACH,Baskets,Product Packaging Supplies
"Baskets, 16 Quart, Natural",EACH,EACH,Baskets,Product Packaging Supplies
"Baskets, 16 Quart, Red",EACH,EACH,Baskets,Product Packaging Supplies
"Baskets, 4 Quart, Green",EACH,EACH,Baskets,Product Packaging Supplies
"Baskets, 4 Quart, Natural",EACH,EACH,Baskets,Product Packaging Supplies
"Baskets, 4 Quart, Red",EACH,EACH,Baskets,Product Packaging Supplies
"Baskets, 8 Quart, Green",EACH,EACH,Baskets,Product Packaging Supplies
"Baskets, 8 Quart, Natural",EACH,EACH,Baskets,Product Packaging Supplies
"Baskets, 8 Quart, Red",EACH,EACH,Baskets,Product Packaging Supplies
"Cantaloupe Bins, New, 24",EACH,EACH,Bins,Product Packaging Supplies
"Pumpkin Bins, New, 36",EACH,EACH,Bins,Product Packaging Supplies
"Watermelon Bins, New, 24",EACH,EACH,Bins,Product Packaging Supplies
"Watermelon Bins, New, 36",EACH,EACH,Bins,Product Packaging Supplies
"Wooden Display Bins, 24",EACH,EACH,Bins,Product Packaging Supplies
"Apple Boxes, New, 1 1/9 Bushel",EACH,EACH,Boxes,Product Packaging Supplies
"Cabbage Cartons, New, 50 LB",EACH,EACH,Boxes,Product Packaging Supplies
"Cucumber/Pepper Boxes, New, 1 1/9 Bushel",EACH,EACH,Boxes,Product Packaging Supplies
"Peach Boxes, New, 1/2 Bushel",EACH,EACH,Boxes,Product Packaging Supplies
"Potato Boxes, New, 50 LB",EACH,EACH,Boxes,Product Packaging Supplies
"Squash Boxes, New, 1/2 Bushel",EACH,EACH,Boxes,Product Packaging Supplies
"Sweet Potato Boxes, New, 40 LB",EACH,EACH,Boxes,Product Packaging Supplies
"Tomato Boxes, New, 25 LB",EACH,EACH,Boxes,Product Packaging Supplies
"Pallet Cover Bags, 50 x 44 x 84, 45 CT",EACH,ROLL,Other,Product Packaging Supplies
Pallet Labels,500 CT,ROLL,Other,Product Packaging Supplies
"Pallets, Used",EACH,EACH,Other,Product Packaging Supplies
"Shrink Bags, 16 x 12",EACH,EACH,Other,Product Packaging Supplies
"Shrink Bags, 20 x 15",EACH,EACH,Other,Product Packaging Supplies
"Shrink Bags, 23 x 15",EACH,EACH,Other,Product Packaging Supplies
"Shrink Bags, 28 x 16",EACH,EACH,Other,Product Packaging Supplies
"Shrink Bags, 32 x 22",EACH,EACH,Other,Product Packaging Supplies
Shrink Wrap,4 ROLLS,CASE,Other,Product Packaging Supplies
"Asparagus, Green",11 LB,CASE,Asparagus,Vegetables
"Asparagus, Purple",11 LB,CASE,Asparagus,Vegetables
"Asparagus, White",11 LB,CASE,Asparagus,Vegetables
"Beans, 1/2 Runner",28 LB,CASE,Beans / Peas,Vegetables
"Beans, Butter",28 LB,CASE,Beans / Peas,Vegetables
"Beans, French Green",5 LB,CASE,Beans / Peas,Vegetables
"Beans, Green Snap",28 LB,CASE,Beans / Peas,Vegetables
"Beans, October",28 LB,CASE,Beans / Peas,Vegetables
"Beans, Pole",28 LB,CASE,Beans / Peas,Vegetables
"Beans, Roma",28 LB,CASE,Beans / Peas,Vegetables
"Beans, Yellow Wax",28 LB,CASE,Beans / Peas,Vegetables
Sno Peas,10 LB,CASE,Beans / Peas,Vegetables
Sugar Snap Peas,10 LB,CASE,Beans / Peas,Vegetables
"Broccoli, Bunch",14 CT,CASE,Broccoli,Vegetables
"Broccoli, Bunch",18 CT,CASE,Broccoli,Vegetables
"Broccoli, Bunch",EACH,EACH,Broccoli,Vegetables
"Broccoli, Bunch, Organic",14 CT,CASE,Broccoli,Vegetables
"Broccoli, Crowns",20 LB,CASE,Broccoli,Vegetables
"Broccoli, Florettes",4/3 LB,CASE,Broccoli,Vegetables
"Broccoli, Florettes",6/3 LB,CASE,Broccoli,Vegetables
"Broccoli, Florettes, Mini",4/3 LB,CASE,Broccoli,Vegetables
"Broccoli, Rapini or Rab",24 CT,CASE,Broccoli,Vegetables
Broccolini,18 CT,CASE,Broccoli,Vegetables
Bok Choy,35 LB,CASE,Cabbage,Vegetables
"Bok Choy, Baby",30 LB,CASE,Cabbage,Vegetables
"Bok Choy, Organic",35 LB,CASE,Cabbage,Vegetables
"Cababge, Green, Carton",50 LB,CASE,Cabbage,Vegetables
"Cabbage, Diced",4/5 K,CASE,Cabbage,Vegetables
"Cabbage, Green",EACH,EACH,Cabbage,Vegetables
"Cabbage, Green, Bag",50 LB,CASE,Cabbage,Vegetables
"Cabbage, Green, Carton, Organic",45 LB,CASE,Cabbage,Vegetables
"Cabbage, Red",EACH,EACH,Cabbage,Vegetables
"Cabbage, Red, Carton",50 LB,CASE,Cabbage,Vegetables
"Cabbage, Red, Carton, Organic",45 LB,CASE,Cabbage,Vegetables
"Cabbage, Red, Shredded",4/5 LB,CASE,Cabbage,Vegetables
"Cabbage, Shredded",4/5 LB,CASE,Cabbage,Vegetables
Napa,50 LB,CASE,Cabbage,Vegetables
Savoy,30 LB,CASE,Cabbage,Vegetables
"Carrots, Baby, Cryovac Pack",5 LB,CASE,Carrots,Vegetables
"Carrots, Cello, 1 LB",48/1 LB,CASE,Carrots,Vegetables
"Carrots, Cello, 1 LB",EACH,EACH,Carrots,Vegetables
"Carrots, Cello, 1 LB, Organic",48/1 LB,CASE,Carrots,Vegetables
"Carrots, Cello, 2 LB",24/2 LB,CASE,Carrots,Vegetables
"Carrots, Cello, 2 LB, Organic",24/2 LB,CASE,Carrots,Vegetables
"Carrots, Cello, 5 LB",10/5 LB,CASE,Carrots,Vegetables
"Carrots, Cello, 5 LB, Organic",10/5 LB,CASE,Carrots,Vegetables
"Carrots, Loose",25 LB,CASE,Carrots,Vegetables
"Carrots, Loose, Large",50 LB,CASE,Carrots,Vegetables
"Carrots, Loose, Organic",25 LB,CASE,Carrots,Vegetables
"Carrots, Matchstick",4/5 LB,CASE,Carrots,Vegetables
"Carrots, Petite",12/12 OZ,CASE,Carrots,Vegetables
"Carrots, Rainbow Crunch, Loose",25 LB,CASE,Carrots,Vegetables
"Carrots, Shredded",4/5 LB,CASE,Carrots,Vegetables
"Carrots, With Tops",24 CT,CASE,Carrots,Vegetables
"Mini Carrots, Cello, 1 LB",20/1 LB,CASE,Carrots,Vegetables
"Mini Carrots, Cello, 1 LB",EACH,EACH,Carrots,Vegetables
"Mini Carrots, Cello, 1 LB, Organic",30/1 LB,CASE,Carrots,Vegetables
"Mini Carrots, Cello, 1.3 OZ",200/1.3 OZ,CASE,Carrots,Vegetables
"Mini Carrots, Cello, 2 OZ",100/2 OZ,CASE,Carrots,Vegetables
"Mini Carrots, Cello, 5 LB",4/5 LB,CASE,Carrots,Vegetables
Cauliflower,12 CT,CASE,Cauliflower,Vegetables
Cauliflower,EACH,EACH,Cauliflower,Vegetables
"Cauliflower, Florettes",4/3 LB,CASE,Cauliflower,Vegetables
"Cauliflower, Florettes",6/3 LB,CASE,Cauliflower,Vegetables
"Cauliflower, Organic",12 CT,CASE,Cauliflower,Vegetables
"Celery, Diced",4/5 LB,CASE,Celery,Vegetables
"Celery, Hearts",24 CT,CASE,Celery,Vegetables
"Celery, Hearts, Organic",24 CT,CASE,Celery,Vegetables
"Celery, Naked",30-36 CT,CASE,Celery,Vegetables
"Celery, Naked, Organic",30-36 CT,CASE,Celery,Vegetables
"Celery, Sleeved",30 CT,CASE,Celery,Vegetables
"Celery, Sleeved",EACH,EACH,Celery,Vegetables
"Celery, Sticks",4/5 LB,CASE,Celery,Vegetables
Corn Husks,24/1 LB,CASE,Corn,Vegetables
"Corn, Bi-Color",48 CT,CASE,Corn,Vegetables
"Corn, Bi-Color, Cello, 4 CT",12 CT,CASE,Corn,Vegetables
"Corn, White",48 CT,CASE,Corn,Vegetables
"Corn, White, Cello, 4 CT",12 CT,CASE,Corn,Vegetables
"Corn, Yellow",48 CT,CASE,Corn,Vegetables
"Corn, Yellow, Cello, 4 CT",12 CT,CASE,Corn,Vegetables
Cucumbers,EACH,EACH,Cucumbers,Vegetables
Cucumbers,POUNDS,POUND,Cucumbers,Vegetables
"Cucumbers, Hot House",12 CT,CASE,Cucumbers,Vegetables
"Cucumbers, Mini",12/6 CT,CASE,Cucumbers,Vegetables
"Cucumbers, Organic",20 LB,CASE,Cucumbers,Vegetables
"Cucumbers, Pickle, 3A or 3B",50 LB,EACH,Cucumbers,Vegetables
"Cucumbers, Select",50 LB,CASE,Cucumbers,Vegetables
"Cucumbers, Super Select",50 LB,CASE,Cucumbers,Vegetables
"Eggplant, Baby",11 LB,CASE,Eggplant,Vegetables
"Eggplant, Fancy",20 LB,CASE,Eggplant,Vegetables
"Eggplant, Fingerling",20 LB,CASE,Eggplant,Vegetables
"Eggplant, Ivory",20 LB,CASE,Eggplant,Vegetables
"Eggplant, Neon",20 LB,CASE,Eggplant,Vegetables
"Eggplant, Zebra",20 LB,CASE,Eggplant,Vegetables
Buckskin Pumpkins,40 CT,"24 BIN",Fall Seasonal,Vegetables
Cinderella Pumpkins,40 CT,"24 BIN",Fall Seasonal,Vegetables
Corn Stalks,EACH,EACH,Fall Seasonal,Vegetables
Cushaw Pumpkins,40 CT,"24 BIN",Fall Seasonal,Vegetables
"Gourds, Assorted",30 LB,CASE,Fall Seasonal,Vegetables
"Gourds, Jumbo, Assorted",60-80 CT,"24 BIN",Fall Seasonal,Vegetables
Indian Corn,12/3 CT,CASE,Fall Seasonal,Vegetables
"Indian Corn, Mini",16/3 CT,CASE,Fall Seasonal,Vegetables
"Indian Corn, Strawberry",16/3 CT,CASE,Fall Seasonal,Vegetables
"Mini Pumpkins, Orange",35 LB,CASE,Fall Seasonal,Vegetables
"Mini Pumpkins, White",18 LB,CASE,Fall Seasonal,Vegetables
Peanut Pumpkins,40 CT,"24 BIN",Fall Seasonal,Vegetables
Pie Pumpkins,125-175 CT,"24 BIN",Fall Seasonal,Vegetables
Pie Pumpkins,30 LB,CASE,Fall Seasonal,Vegetables
Pie Pumpkins,EACH,EACH,Fall Seasonal,Vegetables
Pumpkins,EACH,EACH,Fall Seasonal,Vegetables
"Pumpkins, Big Mac, 75-125 LB",EACH,EACH,Fall Seasonal,Vegetables
"Pumpkins, Large",40-45 CT,"36 BIN",Fall Seasonal,Vegetables
"Pumpkins, Medium",50-55 CT,"36 BIN",Fall Seasonal,Vegetables
"Pumpkins, XL",30-35 CT,"36 BIN",Fall Seasonal,Vegetables
"Squash, Butternut",30 LB,CASE,Fall Seasonal,Vegetables
"Squash, Carnival",30 LB,CASE,Fall Seasonal,Vegetables
"Squash, Delicata",30 LB,CASE,Fall Seasonal,Vegetables
"Squash, Golden Acorn",30 LB,CASE,Fall Seasonal,Vegetables
"Squash, Green Acorn",30 LB,CASE,Fall Seasonal,Vegetables
"Squash, Hubbard",30 LB,CASE,Fall Seasonal,Vegetables
"Squash, Patti Pan",30 LB,CASE,Fall Seasonal,Vegetables
"Squash, Spaghetti",30 LB,CASE,Fall Seasonal,Vegetables
"Squash, Sweet Dumpling",30 LB,CASE,Fall Seasonal,Vegetables
"Squash, Turban",30 LB,CASE,Fall Seasonal,Vegetables
"Straw Bales, Large",EACH,EACH,Fall Seasonal,Vegetables
"Straw Bales, Mini",12 CT,CASE,Fall Seasonal,Vegetables
White Pumpkins,40 CT,"24 BIN",Fall Seasonal,Vegetables
"Garlic, Bulb",80/3 CT,CASE,Garlic,Vegetables
"Garlic, Bulb, Jumbo",30 LB,CASE,Garlic,Vegetables
"Garlic, Elephant",12 CT,CASE,Garlic,Vegetables
"Garlic, Packaged, ",12/2 OZ,CASE,Garlic,Vegetables
"Garlic, Peeled",1 Gallon,JAR,Garlic,Vegetables
"Garlic, Peeled",4/5 LB,CASE,Garlic,Vegetables
Basil,1 LB,BAG,Herbs,Vegetables
"Basil, Packaged, Organic",3/1 OZ,CASE,Herbs,Vegetables
"Basil, Packaged, Organic",6/2 OZ,CASE,Herbs,Vegetables
"Bay Leaves, Packaged, Organic",3/1 OZ,CASE,Herbs,Vegetables
"Chives, Packaged, Organic",3/1 OZ,CASE,Herbs,Vegetables
"Dill, Bunched, Organic",24 CT,CASE,Herbs,Vegetables
"Dill, Packaged, Organic",3/1 OZ,CASE,Herbs,Vegetables
"Edible Flowers, Packaged , Organic",3/1 OZ,CASE,Herbs,Vegetables
"Lemon Grass, Packaged, Organic",3/1 OZ,CASE,Herbs,Vegetables
"Marjoram, Packaged, Organic",3/1 OZ,CASE,Herbs,Vegetables
"Mint, Packaged, Organic",3/1 OZ,CASE,Herbs,Vegetables
"Oregano, Packaged, Organic",3/1 OZ,CASE,Herbs,Vegetables
Rosemary,1 LB,BAG,Herbs,Vegetables
"Rosemary, Packaged, Organic",3/1 OZ,CASE,Herbs,Vegetables
"Sage, Packaged, Organic",3/1 OZ,CASE,Herbs,Vegetables
"Tarragon, Packaged, Organic",3/1 OZ,CASE,Herbs,Vegetables
"Thyme, Packaged, Organic",3/1 OZ,CASE,Herbs,Vegetables
"Arugula, Baby",4 LB,CASE,Leafy Greens,Vegetables
"Arugula, Organic",24 CT,CASE,Leafy Greens,Vegetables
"Chard, Rainbow",24 CT,CASE,Leafy Greens,Vegetables
"Chard, Red Swiss",24 CT,CASE,Leafy Greens,Vegetables
Cilantro,30 CT,CASE,Leafy Greens,Vegetables
Cilantro,60 CT,CASE,Leafy Greens,Vegetables
"Cilantro, Organic",30 CT,CASE,Leafy Greens,Vegetables
Endive,24 CT,CASE,Leafy Greens,Vegetables
"Endive, Belgian",10 LB,CASE,Leafy Greens,Vegetables
Escarole,24 CT,CASE,Leafy Greens,Vegetables
Fennel,15 LB,CASE,Leafy Greens,Vegetables
"Greens, Collard, Bunch",20 LB,CASE,Leafy Greens,Vegetables
"Greens, Collard, Organic",24 CT,CASE,Leafy Greens,Vegetables
"Greens, Creasy",20 LB,CASE,Leafy Greens,Vegetables
"Greens, Dandelion",12 CT,CASE,Leafy Greens,Vegetables
"Greens, Lacinato",24 CT,CASE,Leafy Greens,Vegetables
"Greens, Mustard",20 LB,CASE,Leafy Greens,Vegetables
"Greens, Mustard",20 LB,CASE,Leafy Greens,Vegetables
"Greens, Turnip",20 LB,CASE,Leafy Greens,Vegetables
"Kale, Bunch",24 CT,CASE,Leafy Greens,Vegetables
"Kale, Flowering",24 CT,CASE,Leafy Greens,Vegetables
"Kale, Organic",24 CT,CASE,Leafy Greens,Vegetables
"Lettuce, Artisan Blend",8 LB,CASE,Leafy Greens,Vegetables
"Lettuce, Boston",24 CT,CASE,Leafy Greens,Vegetables
"Lettuce, Cleaned & Trimmed",24 CT,CASE,Leafy Greens,Vegetables
"Lettuce, Frisee, Organic",12 CT,CASE,Leafy Greens,Vegetables
"Lettuce, Green Leaf",24 CT,CASE,Leafy Greens,Vegetables
"Lettuce, Green Leaf Fillet",10 LB,CASE,Leafy Greens,Vegetables
"Lettuce, Green Leaf, Organic",24 CT,CASE,Leafy Greens,Vegetables
"Lettuce, Liner",24 CT,CASE,Leafy Greens,Vegetables
"Lettuce, Living Bibb",12 CT,CASE,Leafy Greens,Vegetables
"Lettuce, Red Leaf",24 CT,CASE,Leafy Greens,Vegetables
"Lettuce, Red Leaf, Organic",24 CT,CASE,Leafy Greens,Vegetables
"Lettuce, Red Romaine",24 CT,CASE,Leafy Greens,Vegetables
"Lettuce, Romaine",24 CT,CASE,Leafy Greens,Vegetables
"Lettuce, Romaine Fillet",10 LB,CASE,Leafy Greens,Vegetables
"Lettuce, Romaine Hearts",12/3 CT,CASE,Leafy Greens,Vegetables
"Lettuce, Romaine Hearts",48 CT,CASE,Leafy Greens,Vegetables
"Lettuce, Romaine, Organic",24 CT,CASE,Leafy Greens,Vegetables
"Lettuce, Wrapped",24 CT,CASE,Leafy Greens,Vegetables
"Parsley, Curly",60 CT,CASE,Leafy Greens,Vegetables
"Parsley, Curly",EACH,EACH,Leafy Greens,Vegetables
"Parsley, Curly, Organic",30 CT,CASE,Leafy Greens,Vegetables
"Parsley, Italian",60 CT,CASE,Leafy Greens,Vegetables
"Parsley, Italian",EACH,EACH,Leafy Greens,Vegetables
Radicchio,6 CT,CASE,Leafy Greens,Vegetables
"Spinach, Baby",4 LB,CASE,Leafy Greens,Vegetables
"Spinach, Bunch, Organic",24 CT,CASE,Leafy Greens,Vegetables
"Spinach, Cello",4/2.5 LB,CASE,Leafy Greens,Vegetables
"Spinach, Cello, Popeye",12/10 OZ,CASE,Leafy Greens,Vegetables
Spring Mix,3 LB,CASE,Leafy Greens,Vegetables
Spring Mix,4/3 LB,CASE,Leafy Greens,Vegetables
Watercress,12 CT,CASE,Leafy Greens,Vegetables
"Mushrooms, Black Trumpet",6 CT,CASE,Mushrooms,Vegetables
"Mushrooms, Chanterelle",6 CT,CASE,Mushrooms,Vegetables
"Mushrooms, Crimini",12/8 OZ,CASE,Mushrooms,Vegetables
"Mushrooms, Crimini, Sliced",12/8 OZ,CASE,Mushrooms,Vegetables
"Mushrooms, Honshimeji",3 LB,CASE,Mushrooms,Vegetables
"Mushrooms, Lobster",6 CT,CASE,Mushrooms,Vegetables
"Mushrooms, Morel",6 CT,CASE,Mushrooms,Vegetables
"Mushrooms, Oyster",6 CT,CASE,Mushrooms,Vegetables
"Mushrooms, Porcini",6 CT,CASE,Mushrooms,Vegetables
"Mushrooms, Portabella",3 LB,CASE,Mushrooms,Vegetables
"Mushrooms, Portabella, Cello",6/6 OZ,CASE,Mushrooms,Vegetables
"Mushrooms, Portabella, Sliced",6/6 OZ,CASE,Mushrooms,Vegetables
"Mushrooms, Shitake",3 LB,CASE,Mushrooms,Vegetables
"Mushrooms, Shitake",6 CT,CASE,Mushrooms,Vegetables
"Mushrooms, Soup Blend",8 CT,CASE,Mushrooms,Vegetables
"Mushrooms, Special",3 LB,CASE,Mushrooms,Vegetables
"Mushrooms, Stirfry",6 CT,CASE,Mushrooms,Vegetables
"Mushrooms, White",10 LB,CASE,Mushrooms,Vegetables
"Mushrooms, White",12/8 OZ,CASE,Mushrooms,Vegetables
"Mushrooms, White, Sliced",10 LB,CASE,Mushrooms,Vegetables
"Mushrooms, White, Sliced",12/8 OZ,CASE,Mushrooms,Vegetables
"Mushrooms, Wood Ear",6 CT,CASE,Mushrooms,Vegetables
"Dried Peppers, Ancho",12 CT,CASE,Peppers,Vegetables
"Dried Peppers, Arbol",12 CT,CASE,Peppers,Vegetables
"Dried Peppers, Chipotle",12 CT,CASE,Peppers,Vegetables
"Dried Peppers, Guajillo",12 CT,CASE,Peppers,Vegetables
"Dried Peppers, Habanero",12 CT,CASE,Peppers,Vegetables
"Dried Peppers, Japones",12 CT,CASE,Peppers,Vegetables
"Dried Peppers, Morita",12 CT,CASE,Peppers,Vegetables
"Dried Peppers, New Mexico Hot",12 CT,CASE,Peppers,Vegetables
"Dried Peppers, New Mexico Mild",12 CT,CASE,Peppers,Vegetables
"Dried Peppers, Pasilla",12 CT,CASE,Peppers,Vegetables
"Onions, OSO Sweet",10/4 LB,CASE,Onions,Vegetables
"Onions, OSO Sweet",16/3 LB,CASE,Onions,Vegetables
"Onions, OSO Sweet",160/4 LB,"24 BIN",Onions,Vegetables
"Onions, OSO Sweet",200/3 LB,"24 BIN",Onions,Vegetables
"Onions, OSO Sweet",40 LB,CASE,Onions,Vegetables
"Onions, Diced",4/5 LB,CASE,Onions,Vegetables
"Onions, Green Pencil",48 CT,CASE,Onions,Vegetables
"Onions, Green Pencil, Cello",24/5.5 OZ,CASE,Onions,Vegetables
"Onions, Green Pencil, Organic",48 CT,CASE,Onions,Vegetables
"Onions, Green Spring",24 CT,CASE,Onions,Vegetables
"Onions, Green Vidalia",24 CT,CASE,Onions,Vegetables
"Onions, Pearl Gold",12/10 OZ,CASE,Onions,Vegetables
"Onions, Pearl White",12/10 OZ,CASE,Onions,Vegetables
"Onions, Red Italian",40 LB,CASE,Onions,Vegetables
"Onions, Red, Bagged",12/2 LB,CASE,Onions,Vegetables
"Onions, Red, Jumbo",25 LB,BAG,Onions,Vegetables
"Onions, Red, Jumbo",EACH,EACH,Onions,Vegetables
"Onions, Red, Medium",25 LB,BAG,Onions,Vegetables
"Onions, Red, Organic",40 LB,CASE,Onions,Vegetables
"Onions, Sweet, 1015",40 LB,CASE,Onions,Vegetables
"Onions, Vidalia",10/5 LB,CASE,Onions,Vegetables
"Onions, Vidalia",16/3 LB,CASE,Onions,Vegetables
"Onions, Vidalia",160/4 LB,"24 BIN",Onions,Vegetables
"Onions, Vidalia",40 LB,CASE,Onions,Vegetables
"Onions, Vidalia",5/10 LB,CASE,Onions,Vegetables
"Onions, Walla Walla",40 LB,CASE,Onions,Vegetables
"Onions, White, Jumbo",50 LB,BAG,Onions,Vegetables
"Onions, White, Organic",40 LB,CASE,Onions,Vegetables
"Onions, White,Medium",12/2 LB,CASE,Onions,Vegetables
"Onions, Yellow, 3 LB",EACH,EACH,Onions,Vegetables
"Onions, Yellow, Colossal",50 LB,BAG,Onions,Vegetables
"Onions, Yellow, Jumbo",25 LB,BAG,Onions,Vegetables
"Onions, Yellow, Jumbo",5/10 LB,CASE,Onions,Vegetables
"Onions, Yellow, Jumbo",50 LB,BAG,Onions,Vegetables
"Onions, Yellow, Jumbo",75/10 LB,"24 BIN",Onions,Vegetables
"Onions, Yellow, Jumbo",EACH,EACH,Onions,Vegetables
"Onions, Yellow, Jumbo #2",50 LB,BAG,Onions,Vegetables
"Onions, Yellow, Lg/Med",16/3 LB,CASE,Onions,Vegetables
"Onions, Yellow, Organic",16/3 LB,CASE,Onions,Vegetables
"Onions, Yellow, Organic",40 LB,CASE,Onions,Vegetables
"Onions, Yellow, Prepack",16/3 LB,CASE,Onions,Vegetables
"Onions, Yellow, Super Colossal",50 LB,BAG,Onions,Vegetables
"Peppers, Anaheim",10 LB,CASE,Peppers,Vegetables
"Peppers, Anaheim",25 LB,CASE,Peppers,Vegetables
"Peppers, Banana",15 LB,CASE,Peppers,Vegetables
"Peppers, Cubanelle",25 LB,CASE,Peppers,Vegetables
"Peppers, Green, Chopper",25 LB,CASE,Peppers,Vegetables
"Peppers, Green, Chopper",EACH,EACH,Peppers,Vegetables
"Peppers, Green, Jumbo",25 LB,CASE,Peppers,Vegetables
"Peppers, Green, Jumbo",EACH,EACH,Peppers,Vegetables
"Peppers, Green, Organic",20 LB,CASE,Peppers,Vegetables
"Peppers, Green, XL",25 LB,CASE,Peppers,Vegetables
"Peppers, Habanero",10 LB,CASE,Peppers,Vegetables
"Peppers, Imported, Mixed Color",11 LB,CASE,Peppers,Vegetables
"Peppers, Ivory",25 LB,CASE,Peppers,Vegetables
"Peppers, Jalepeno",18 LB,CASE,Peppers,Vegetables
"Peppers, Jalepeno",35 LB,CASE,Peppers,Vegetables
"Peppers, Mini, Mixed Color, 2 LB",9/2 LB,CASE,Peppers,Vegetables
"Peppers, Mini, Mixed Color, 8 OZ",12/8 OZ,CASE,Peppers,Vegetables
"Peppers, Orange, Imported",11 LB,CASE,Peppers,Vegetables
"Peppers, Poblano",10 LB,CASE,Peppers,Vegetables
"Peppers, Poblano",25 LB,CASE,Peppers,Vegetables
"Peppers, Purple",25 LB,CASE,Peppers,Vegetables
"Peppers, Rainbow, 3-pack",8/3 CT,CASE,Peppers,Vegetables
"Peppers, Red Fresno",10 LB,CASE,Peppers,Vegetables
"Peppers, Red, Domestic",15 LB,CASE,Peppers,Vegetables
"Peppers, Red, Domestic",25 LB,CASE,Peppers,Vegetables
"Peppers, Red, Imported",11 LB,CASE,Peppers,Vegetables
"Peppers, Serrano",10 LB,CASE,Peppers,Vegetables
"Peppers, Serrano",35 LB,CASE,Peppers,Vegetables
"Peppers, Yellow, Imported",11 LB,CASE,Peppers,Vegetables
"Shallots, Peeled",1 Gallon,JAR,Onions,Vegetables
"Shallots, Peeled",4/5 LB,CASE,Onions,Vegetables
Artichoke,12-18 CT,CASE,Other,Vegetables
"Artichoke, Baby",16/9 CT,CASE,Other,Vegetables
"Beets, Golden, with Tops, Organic",24 CT,CASE,Other,Vegetables
"Beets, Loose",25 LB,BAG,Other,Vegetables
"Beets, with Tops",12 CT,CASE,Other,Vegetables
"Beets, with Tops, Organic",24 CT,CASE,Other,Vegetables
"Brussel Sprouts, Bagged",24/1 LB,CASE,Other,Vegetables
"Brussel Sprouts, Loose",25 LB,CASE,Other,Vegetables
Cactus Leaves,25 LB,CASE,Other,Vegetables
"Celery Root, Organic",12 CT,CASE,Other,Vegetables
Ginger Root,30 LB,CASE,Other,Vegetables
Horse Radish Root,10 LB,CASE,Other,Vegetables
Jicama,40 LB,CASE,Other,Vegetables
Leeks,20 LB,CASE,Other,Vegetables
"Leeks, Organic",20 LB,CASE,Other,Vegetables
"Malanga, Red",40 LB,CASE,Other,Vegetables
"Malanga, White",40 LB,CASE,Other,Vegetables
Okra,18 LB,CASE,Other,Vegetables
"Okra, Packaged",12/12 OZ,CASE,Other,Vegetables
"Parsnips, Cello",12/1 LB,CASE,Other,Vegetables
"Parsnips, Loose",20 LB,BAG,Other,Vegetables
"Radishes, Bagged",14/1 LB,CASE,Other,Vegetables
"Radishes, Bagged",30/6 OZ,CASE,Other,Vegetables
"Radishes, Bagged",6 OZ,EACH,Other,Vegetables
"Radishes, Easter Egg, Organic",24 CT,CASE,Other,Vegetables
"Radishes, with Tops",24 CT,CASE,Other,Vegetables
"Radishes, with Tops, Organic",24 CT,CASE,Other,Vegetables
Rutabagas,25 LB,CASE,Other,Vegetables
"Sprouts, Alfalfa, Clamshell",6 CT,CASE,Other,Vegetables
"Sprouts, Broccoli, Clamshell",6 CT,CASE,Other,Vegetables
"Sprouts, Clover, Clamshell",6 CT,CASE,Other,Vegetables
"Sprouts, Mung Bean, Clamshell",6 CT,CASE,Other,Vegetables
"Sprouts, Radish Alfalfa, Clamshell",6 CT,CASE,Other,Vegetables
Tamarindo,12/3 OZ,CASE,Other,Vegetables
Turnip Root,25 LB,BAG,Other,Vegetables
"Turnip Root, Organic",25 LB,BAG,Other,Vegetables
Yucca Root,40 LB,CASE,Other,Vegetables
"Sweet Potato, Fingerling",40 LB,CASE,Potatoes,Vegetables
"Sweet Potato, Jumbo Yams",40 LB,CASE,Potatoes,Vegetables
"Sweet Potato, Purple, #1",40 LB,CASE,Potatoes,Vegetables
"Sweet Potato, Red, #1",40 LB,CASE,Potatoes,Vegetables
"Sweet Potato, Red, #2",40 LB,CASE,Potatoes,Vegetables
"Sweet Potato, Red, Bagged",12/3 LB,CASE,Potatoes,Vegetables
"Sweet Potato, White, #1",40 LB,CASE,Potatoes,Vegetables
"Sweet Potato, White, #2",40 LB,CASE,Potatoes,Vegetables
"American Salad Mix, Retail",6/12 OZ,CASE,Pre-Cut Salads,Vegetables
"American Salad Mix, Retail, Organic",12/5 OZ,CASE,Pre-Cut Salads,Vegetables
"Baby Lettuce Salad, Retail, Organic",12/5 OZ,CASE,Pre-Cut Salads,Vegetables
"Baby Romaine Salad, Retail, Organic",12/5 OZ,CASE,Pre-Cut Salads,Vegetables
"Baby Spinach Salad, Retail, Organic",12/5 OZ,CASE,Pre-Cut Salads,Vegetables
Caesar Salad Mix,6/10 OZ,CASE,Pre-Cut Salads,Vegetables
"European Salad Mix, Retail",6/12 OZ,CASE,Pre-Cut Salads,Vegetables
Iceberg & Romaine Salad Mix,4/5 LB,CASE,Pre-Cut Salads,Vegetables
"Iceberg Salad Mix, 5 LB",4/5 LB,CASE,Pre-Cut Salads,Vegetables
"Iceberg Salad Mix, Retail, 1 LB",12/1 LB,CASE,Pre-Cut Salads,Vegetables
"Iceberg, Chopped",4/5 LB,CASE,Pre-Cut Salads,Vegetables
"Iceberg, Shredded",4/5 LB,CASE,Pre-Cut Salads,Vegetables
"Iceberg, Shredded, Retail",12/8 OZ,CASE,Pre-Cut Salads,Vegetables
"Italian Salad Mix, Retail",6/10 OZ,CASE,Pre-Cut Salads,Vegetables
"Italian Salad Mix, Retail, Organic",12/10 OZ,CASE,Pre-Cut Salads,Vegetables
Microwave Red Sweet Potato,25 CT,CASE,Pre-Cut Salads,Vegetables
Microwave Russet Potatoes,50 CT,CASE,Pre-Cut Salads,Vegetables
"Mixed Greens, Retail, Organic",12/5 OZ,CASE,Pre-Cut Salads,Vegetables
"Potatoes, French Fingerling, Organic",16/1.5 LB,CASE,Pre-Cut Salads,Vegetables
"Potatoes, Idaho, 100 CT",50 LB,CASE,Pre-Cut Salads,Vegetables
"Potatoes, Idaho, 40 CT",50 LB,CASE,Pre-Cut Salads,Vegetables
"Potatoes, Idaho, 50 CT",50 LB,CASE,Pre-Cut Salads,Vegetables
"Potatoes, Idaho, 60 CT",50 LB,CASE,Pre-Cut Salads,Vegetables
"Potatoes, Idaho, 70 CT",50 LB,CASE,Pre-Cut Salads,Vegetables
"Potatoes, Idaho, 80 CT",50 LB,CASE,Pre-Cut Salads,Vegetables
"Potatoes, Idaho, 90 CT",50 LB,CASE,Pre-Cut Salads,Vegetables
"Potatoes, Idaho, Bagged",10/5 LB,CASE,Pre-Cut Salads,Vegetables
"Potatoes, Idaho, Bagged",100/10 LB,"24 BIN",Pre-Cut Salads,Vegetables
"Potatoes, Idaho, Bagged",200/10 LB,"36 BIN",Pre-Cut Salads,Vegetables
"Potatoes, Idaho, Bagged",5/10 LB,CASE,Pre-Cut Salads,Vegetables
"Potatoes, Idaho, Bagged, Jumbo",125/15 LB,"36 BIN",Pre-Cut Salads,Vegetables
"Potatoes, Mix Fingerling, Organic",12/1.5 LB,CASE,Pre-Cut Salads,Vegetables
"Potatoes, Red, A, Organic",50 LB,CASE,Pre-Cut Salads,Vegetables
"Potatoes, Red, #1, A, Calf.",50 LB,CASE,Pre-Cut Salads,Vegetables
"Potatoes, Red, #1, A, Eastern",50 LB,BAG,Pre-Cut Salads,Vegetables
"Potatoes, Red, #1, B, Calf.",50 LB,CASE,Pre-Cut Salads,Vegetables
"Potatoes, Red, #1, B, Eastern",50 LB,BAG,Pre-Cut Salads,Vegetables
"Potatoes, Red, #2, A, Eastern",50 LB,BAG,Pre-Cut Salads,Vegetables
"Potatoes, Red, Bagged",10/5 LB,CASE,Pre-Cut Salads,Vegetables
"Potatoes, Red, Bagged, Organic",10/5 LB,CASE,Pre-Cut Salads,Vegetables
"Potatoes, Red, Creamer",50 LB,CASE,Pre-Cut Salads,Vegetables
"Potatoes, Red, Creamer, Organic",50 LB,CASE,Pre-Cut Salads,Vegetables
"Potatoes, Russet, #1, A",50 LB,BAG,Pre-Cut Salads,Vegetables
"Potatoes, Russet, #2, A",50 LB,BAG,Pre-Cut Salads,Vegetables
"Potatoes, Russet, #2, 10 OZ",50 LB,BAG,Pre-Cut Salads,Vegetables
"Potatoes, Russet, 100 CT",50 LB,CASE,Pre-Cut Salads,Vegetables
"Potatoes, Russet, 110 CT",50 LB,CASE,Pre-Cut Salads,Vegetables
"Potatoes, Russet, 40 CT",50 LB,CASE,Pre-Cut Salads,Vegetables
"Potatoes, Russet, 50 CT",50 LB,CASE,Pre-Cut Salads,Vegetables
"Potatoes, Russet, 60 CT",50 LB,CASE,Pre-Cut Salads,Vegetables
"Potatoes, Russet, 70 CT",50 LB,CASE,Pre-Cut Salads,Vegetables
"Potatoes, Russet, 80 CT",50 LB,CASE,Pre-Cut Salads,Vegetables
"Potatoes, Russet, 90 CT",50 LB,CASE,Pre-Cut Salads,Vegetables
"Potatoes, Russet, Bagged",10/5 LB,CASE,Pre-Cut Salads,Vegetables
"Potatoes, Russet, Bagged",100/10 LB,"24 BIN",Pre-Cut Salads,Vegetables
"Potatoes, Russet, Bagged",125/8 LB,"24 BIN",Pre-Cut Salads,Vegetables
"Potatoes, Russet, Bagged",20 LB,BAG,Pre-Cut Salads,Vegetables
"Potatoes, Russet, Bagged",225/10 LB,"36 BIN",Pre-Cut Salads,Vegetables
"Potatoes, Russet, Bagged",5/10 LB,CASE,Pre-Cut Salads,Vegetables
"Potatoes, Russet, Bagged, Jumbo",125/15 LB,"36 BIN",Pre-Cut Salads,Vegetables
"Potatoes, Russet, Bagged, Organic",10/5 LB,CASE,Pre-Cut Salads,Vegetables
"Potatoes, Russet, Jumbo, Bagged",6/8 LB,CASE,Pre-Cut Salads,Vegetables
"Potatoes, Russet, Organic",50 LB,CASE,Pre-Cut Salads,Vegetables
"Potatoes, White Bagged",10/5 LB,CASE,Pre-Cut Salads,Vegetables
"Potatoes, White, #1, A, Calf.",50 LB,CASE,Pre-Cut Salads,Vegetables
"Potatoes, White, #1, A, Eastern",50 LB,BAG,Pre-Cut Salads,Vegetables
"Potatoes, White, #1, B, Calf.",50 LB,CASE,Pre-Cut Salads,Vegetables
"Potatoes, White, #1, B, Eastern",50 LB,BAG,Pre-Cut Salads,Vegetables
"Potatoes, White, Bagged",5/10 LB,CASE,Pre-Cut Salads,Vegetables
"Potatoes, White, Chef",50 LB,BAG,Pre-Cut Salads,Vegetables
"Potatoes, White, Creamer",50 LB,CASE,Pre-Cut Salads,Vegetables
"Potatoes, White, Creamer, Organic",24/2 LB,CASE,Pre-Cut Salads,Vegetables
"Potatoes, Yukon Gold, A",50 LB,CASE,Pre-Cut Salads,Vegetables
"Potatoes, Yukon Gold, Bagged",10/5 LB,CASE,Pre-Cut Salads,Vegetables
"Potatoes, Yukon Gold, Bagged, Organic",10/5 LB,CASE,Pre-Cut Salads,Vegetables
"Potatoes, Yukon Gold, Chef",50 LB,CASE,Pre-Cut Salads,Vegetables
"Potatoes, Yukon Gold, Organic",50 LB,CASE,Pre-Cut Salads,Vegetables
"Romaine Salad Mix, Retail, Organic",12/10 OZ,CASE,Pre-Cut Salads,Vegetables
"Romaine, Chopped",6/2 LB,CASE,Pre-Cut Salads,Vegetables
"Romaine, Shredded ",6/2 LB,CASE,Pre-Cut Salads,Vegetables
"Slaw Mix, Retail",12/14 OZ,CASE,Pre-Cut Salads,Vegetables
"Squash, Acorn",35 LB,CASE,Squash,Vegetables
"Squash, Butternut",35 LB,CASE,Squash,Vegetables
"Squash, Chayote",24 CT,CASE,Squash,Vegetables
"Squash, Green, Choice",18 LB,CASE,Squash,Vegetables
"Squash, Green, Fancy",18 LB,CASE,Squash,Vegetables
"Squash, Green, Mini",5 LB,CASE,Squash,Vegetables
"Squash, Green, Organic",18 LB,CASE,Squash,Vegetables
"Squash, Spaghetti",35 LB,CASE,Squash,Vegetables
"Squash, Yellow Sunburst, Mini",5 LB,CASE,Squash,Vegetables
"Squash, Yellow, Choice",25 LB,CASE,Squash,Vegetables
"Squash, Yellow, Fancy",25 LB,CASE,Squash,Vegetables
"Squash, Yellow, Organic",18 LB,CASE,Squash,Vegetables
"Tofu, Firm",12 CT,CASE,Other,Vegetables
"Tofu, Firm, Organic",12 CT,CASE,Other,Vegetables
"Tofu, Soft",12 CT,CASE,Other,Vegetables
"Tofu, Soft, Organic",12 CT,CASE,Other,Vegetables
"Tofu, X-Firm",12 CT,CASE,Other,Vegetables
"Tofu, X-Firm, Organic",12 CT,CASE,Other,Vegetables